client_id,client_type,gender,country,region,age,acquisition_purpose,loan_applied,referral_channel,satisfaction_score,num_units_purchased,total_spend,avg_unit_price,max_unit_price,avg_floor_area,num_towers,purchase_span_days,pct_Apartment,pct_Office,cluster_kmeans,cluster_hierarchical,segment
C0001,Individual,F,USA,California,57,Home,Yes,Website,4,4,1246764.72,311691.18,496266.41,983.885,4,426,1.0,0.0,1,0,First-Time Buyers
C0002,Individual,M,USA,California,63,Home,No,Website,1,5,1841095.9300000002,368219.18600000005,505127.63,1187.942,5,700,1.0,0.0,2,0,Luxury Investors
C0003,Individual,M,USA,California,66,Home,Yes,Agency,4,5,1661457.5899999999,332291.518,584611.99,1058.1100000000001,5,457,1.0,0.0,2,0,Luxury Investors
C0004,Individual,M,USA,California,66,Home,No,Website,5,6,1608263.51,268043.91833333333,606634.75,937.1033333333334,5,547,1.0,0.0,3,0,Corporate Buyers
C0005,Company,M,USA,California,49,Investment,No,Website,5,13,3653385.38,281029.64461538463,628812.33,927.2961538461539,5,455,1.0,0.0,3,0,Corporate Buyers
C0006,Individual,M,USA,California,68,Home,Yes,Website,3,5,1514131.06,302826.212,435031.4,989.5899999999999,5,670,1.0,0.0,1,0,First-Time Buyers
C0007,Individual,M,Canada,Quebec,78,Investment,No,Website,5,11,3251147.83,295558.8936363636,484458.03,995.6936363636363,6,700,1.0,0.0,3,0,Corporate Buyers
C0008,Individual,F,USA,California,56,Home,No,Website,5,5,1476730.4100000001,295346.08200000005,537291.01,1031.106,5,365,0.8,0.2,0,0,Global Investors
C0009,Individual,M,USA,California,50,Investment,No,Agency,5,5,1820832.35,364166.47000000003,580903.05,1305.644,4,151,0.8,0.2,2,0,Luxury Investors
C0010,Individual,M,USA,Oregon,59,Investment,No,Agency,3,5,1732434.0,346486.8,480540.62,1140.206,4,549,0.8,0.2,2,2,Luxury Investors
C0011,Individual,F,USA,California,69,Home,Yes,Website,2,5,1325211.52,265042.304,473195.39,935.914,5,304,0.8,0.2,0,1,Global Investors
C0012,Company,M,USA,California,50,Investment,No,Website,5,4,1599526.4,399881.6,529317.28,1317.445,4,151,1.0,0.0,2,3,Luxury Investors
C0013,Individual,M,USA,California,63,Home,Yes,Website,1,5,2142750.89,428550.178,562818.96,1407.376,4,395,1.0,0.0,2,0,Luxury Investors
C0014,Company,M,USA,California,45,Home,Yes,Website,3,4,1548140.0699999998,387035.01749999996,531267.61,1280.5425,4,304,1.0,0.0,2,3,Luxury Investors
C0015,Individual,F,USA,California,84,Home,No,Client,5,5,1585907.37,317181.47400000005,426442.43,1030.764,4,335,1.0,0.0,1,0,First-Time Buyers
C0016,Individual,F,USA,California,86,Investment,No,Website,5,4,1010217.73,252554.4325,287917.8,842.145,4,579,1.0,0.0,1,2,First-Time Buyers
C0017,Individual,M,USA,Arizona,48,Home,No,Client,3,5,1778693.75,355738.75,568732.24,1195.8139999999999,4,366,0.8,0.2,2,0,Luxury Investors
C0018,Individual,M,USA,California,58,Home,Yes,Agency,2,4,1061478.67,265369.6675,461655.95,913.8325,4,396,1.0,0.0,1,2,First-Time Buyers
C0019,Individual,M,USA,California,68,Home,Yes,Client,5,4,1773474.26,443368.565,599245.34,1402.0425,4,639,0.5,0.5,0,1,Global Investors
C0020,Individual,F,USA,California,58,Home,No,Website,5,4,1508032.25,377008.0625,505470.6,1307.08,4,457,1.0,0.0,2,0,Luxury Investors
C0021,Individual,M,USA,Oregon,87,Investment,No,Website,3,6,1928172.72,321362.12,555614.35,1028.86,5,426,1.0,0.0,3,0,Corporate Buyers
C0022,Individual,M,Germany,Berlin,59,Investment,No,Agency,5,4,1372403.2,343100.8,453294.55,1247.4850000000001,4,183,1.0,0.0,2,2,Luxury Investors
C0023,Individual,M,USA,California,67,Home,Yes,Website,3,5,1457871.69,291574.338,408265.89,948.3880000000001,5,609,1.0,0.0,1,0,First-Time Buyers
C0024,Individual,M,USA,California,62,Investment,No,Website,4,6,1884156.9000000001,314026.15,560195.06,1053.735,5,578,1.0,0.0,3,0,Corporate Buyers
C0025,Individual,M,USA,Nevada,88,Home,Yes,Website,2,5,1694448.83,338889.766,518174.75,1120.576,5,456,1.0,0.0,2,0,Luxury Investors
C0026,Individual,M,USA,California,63,Investment,No,Website,5,10,2932241.75,293224.175,436987.95,1002.383,7,549,0.9,0.1,3,0,Corporate Buyers
C0027,Individual,M,USA,California,57,Home,Yes,Website,5,5,1517969.44,303593.888,427086.44,1070.234,4,425,0.6,0.4,0,1,Global Investors
C0028,Individual,F,USA,California,67,Home,No,Client,3,5,1791082.79,358216.558,512682.59,1266.366,5,91,0.8,0.2,2,0,Luxury Investors
C0029,Individual,F,USA,Colorado,49,Home,Yes,Agency,4,4,1247795.31,311948.8275,410549.3,993.05,3,427,0.75,0.25,0,1,Global Investors
C0030,Individual,F,USA,Nevada,73,Home,No,Website,3,4,1547311.29,386827.8225,545645.2,1279.3725,4,548,1.0,0.0,2,0,Luxury Investors
C0031,Individual,M,USA,Nevada,48,Home,Yes,Website,4,5,1077148.21,215429.642,258061.02,677.3399999999999,5,669,0.8,0.2,0,1,Global Investors
C0032,Individual,M,USA,California,59,Home,No,Website,4,5,1888995.1600000001,377799.032,490429.65,1282.528,5,486,0.8,0.2,2,0,Luxury Investors
C0033,Individual,F,USA,California,57,Home,Yes,Website,3,4,1404998.67,351249.6675,376964.62,1250.4325,4,456,0.75,0.25,0,1,Global Investors
C0034,Individual,F,Belgium,Brussels,56,Home,No,Agency,2,5,1632608.66,326521.73199999996,508462.97,1160.556,4,395,1.0,0.0,2,0,Luxury Investors
C0035,Individual,M,Mexico,Mexico City,60,Home,No,Agency,3,5,1987876.4,397575.27999999997,539968.61,1445.752,5,365,1.0,0.0,2,0,Luxury Investors
C0036,Individual,M,USA,California,52,Home,No,Website,4,4,1173683.53,293420.8825,437900.49,963.325,4,517,1.0,0.0,1,0,First-Time Buyers
C0037,Individual,F,USA,California,63,Home,Yes,Website,5,5,1607228.75,321445.75,482067.87,1018.368,4,457,1.0,0.0,1,0,First-Time Buyers
C0038,Individual,F,USA,California,51,Investment,No,Client,4,4,1175129.27,293782.3175,407214.29,1105.1225,4,152,0.75,0.25,0,1,Global Investors
C0039,Individual,F,Russia,Krasnodar Krai,58,Home,No,Agency,1,4,1858527.54,464631.885,626247.03,1365.68,4,304,0.75,0.25,2,0,Luxury Investors
C0040,Individual,M,USA,Nevada,50,Home,No,Website,5,6,1854608.29,309101.38166666665,507842.87,1047.8,5,335,1.0,0.0,3,0,Corporate Buyers
C0041,Individual,M,USA,Arizona,58,Home,Yes,Website,1,5,1374460.79,274892.158,405898.92,872.838,4,548,0.6,0.4,0,1,Global Investors
C0042,Individual,F,USA,Utah,50,Home,Yes,Website,1,4,1101390.25,275347.5625,364280.42,913.8425,4,273,0.75,0.25,0,1,Global Investors
C0043,Individual,M,USA,Nevada,60,Investment,Yes,Website,3,4,1126492.46,281623.115,467216.3,983.505,4,579,1.0,0.0,1,2,First-Time Buyers
C0044,Individual,F,USA,Arizona,94,Home,No,Website,3,4,1330493.26,332623.315,519866.77,1106.8675,4,639,1.0,0.0,1,0,First-Time Buyers
C0045,Individual,M,USA,Colorado,57,Investment,No,Agency,2,5,1463432.3599999999,292686.47199999995,592737.69,913.774,4,549,1.0,0.0,1,2,First-Time Buyers
C0046,Individual,F,USA,California,61,Home,No,Client,5,8,2026517.4,253314.675,388515.14,857.8050000000001,7,639,1.0,0.0,3,0,Corporate Buyers
C0047,Individual,M,USA,Colorado,55,Home,No,Agency,2,5,1438239.28,287647.856,459403.88,953.568,5,457,1.0,0.0,1,0,First-Time Buyers
C0048,Individual,M,USA,California,68,Home,Yes,Agency,3,4,1338718.0,334679.5,493044.25,1026.3200000000002,4,304,1.0,0.0,1,0,First-Time Buyers
C0049,Individual,F,USA,California,54,Home,No,Website,1,4,1390091.2,347522.8,533120.65,1204.3675,4,578,1.0,0.0,2,0,Luxury Investors
C0050,Individual,M,USA,California,85,Home,No,Website,5,9,2744452.35,304939.15,486685.38,993.5088888888889,7,396,0.8888888888888888,0.1111111111111111,3,0,Corporate Buyers
C0051,Individual,F,USA,Colorado,84,Home,No,Agency,3,4,1270440.42,317610.105,564388.0,1039.56,4,304,1.0,0.0,1,0,First-Time Buyers
C0052,Individual,F,USA,Oregon,58,Investment,No,Client,2,4,1474211.53,368552.8825,555271.92,1187.925,3,639,1.0,0.0,2,2,Luxury Investors
C0053,Individual,M,USA,Arizona,71,Home,No,Agency,4,4,1120539.44,280134.86,368589.72,929.245,4,487,1.0,0.0,1,0,First-Time Buyers
C0054,Company,M,USA,Nevada,58,Investment,No,Website,5,6,2109277.6,351546.26666666666,435374.92,1115.6333333333334,4,639,0.3333333333333333,0.6666666666666666,0,3,Global Investors
C0055,Individual,F,USA,California,52,Home,Yes,Agency,5,4,1178979.21,294744.8025,416304.72,989.8299999999999,4,669,1.0,0.0,1,0,First-Time Buyers
C0056,Individual,M,USA,Oregon,61,Investment,No,Agency,5,4,1579301.3599999999,394825.33999999997,559835.83,1355.5975,4,639,0.75,0.25,2,0,Luxury Investors
C0057,Individual,M,USA,California,92,Home,Yes,Agency,4,5,2020519.52,404103.904,589905.02,1344.1439999999998,4,518,0.8,0.2,2,0,Luxury Investors
C0058,Company,F,USA,California,56,Investment,Yes,Website,1,5,1441406.17,288281.234,494246.62,919.8399999999999,4,487,0.6,0.4,0,3,Global Investors
C0059,Individual,M,USA,California,65,Home,No,Website,2,4,1278854.25,319713.5625,488077.62,1102.44,4,518,0.75,0.25,0,1,Global Investors
C0060,Individual,F,USA,California,53,Home,No,Website,5,4,1355662.25,338915.5625,485561.11,1119.4675,3,365,1.0,0.0,1,0,First-Time Buyers
C0061,Individual,M,USA,Utah,58,Home,No,Agency,5,4,1306907.58,326726.895,402081.8,1101.62,4,334,1.0,0.0,1,0,First-Time Buyers
C0062,Individual,M,USA,California,51,Home,Yes,Client,5,5,1489333.49,297866.698,443358.25,1059.8319999999999,4,547,1.0,0.0,1,0,First-Time Buyers
C0063,Individual,F,USA,Arizona,83,Home,No,Website,4,5,1625480.88,325096.176,538375.93,1112.538,5,273,1.0,0.0,2,0,Luxury Investors
C0064,Individual,M,UK,Northern Ireland,51,Investment,No,Agency,4,4,1448881.28,362220.32,574929.03,1095.85,4,274,1.0,0.0,1,2,First-Time Buyers
C0065,Individual,M,USA,California,53,Home,No,Agency,1,4,1557125.73,389281.4325,539032.17,1261.5275,4,92,0.75,0.25,2,0,Luxury Investors
C0066,Individual,F,USA,California,51,Investment,No,Client,3,4,1107164.17,276791.0425,366314.0,932.7550000000001,4,609,0.75,0.25,0,1,Global Investors
C0067,Individual,M,USA,California,48,Home,No,Website,2,5,1431941.84,286388.368,468196.39,851.818,4,548,0.8,0.2,0,0,Global Investors
C0068,Individual,F,USA,Colorado,59,Home,Yes,Agency,5,4,1572779.33,393194.8325,459558.39,1450.2925,4,518,0.75,0.25,2,0,Luxury Investors
C0069,Individual,M,USA,California,55,Investment,No,Website,4,5,1439142.47,287828.494,479080.93,957.588,5,669,1.0,0.0,1,2,First-Time Buyers
C0070,Individual,F,USA,Arizona,78,Home,Yes,Website,4,5,1521570.62,304314.124,448702.07,1039.274,4,488,0.8,0.2,0,1,Global Investors
C0071,Individual,M,USA,California,40,Home,Yes,Client,1,5,1150384.09,230076.81800000003,415775.9,833.3799999999999,5,547,1.0,0.0,1,2,First-Time Buyers
C0072,Individual,M,USA,Nevada,72,Investment,No,Website,2,6,2246488.58,374414.76333333337,674634.08,1129.4916666666666,5,610,0.8333333333333334,0.16666666666666666,3,0,Corporate Buyers
C0073,Individual,F,Denmark,Capital Region,60,Investment,No,Agency,1,4,1413902.33,353475.5825,527107.1,1194.0325,4,579,1.0,0.0,2,2,Luxury Investors
C0074,Individual,F,USA,Oregon,66,Investment,No,Client,5,5,1709458.65,341891.73,573381.83,1138.044,4,426,0.6,0.4,0,0,Global Investors
C0075,Individual,F,USA,California,55,Home,No,Website,3,4,1269395.74,317348.935,590971.72,1048.3425,4,273,0.75,0.25,0,1,Global Investors
C0076,Individual,M,USA,California,69,Home,No,Agency,5,6,1905852.0899999999,317642.01499999996,534630.42,1067.28,5,455,1.0,0.0,3,0,Corporate Buyers
C0077,Individual,M,USA,California,45,Home,No,Website,5,5,1880012.18,376002.436,590130.14,1191.826,4,457,0.6,0.4,0,0,Global Investors
C0078,Individual,F,USA,California,77,Home,No,Website,5,4,1685882.3900000001,421470.59750000003,485944.71,1415.63,4,397,1.0,0.0,2,0,Luxury Investors
C0079,Individual,M,Belgium,Brussels,71,Investment,No,Website,4,4,1456436.3,364109.075,579893.68,1219.0675,4,639,0.5,0.5,0,1,Global Investors
C0080,Individual,F,USA,California,76,Investment,No,Website,3,5,1427531.56,285506.31200000003,502978.74,965.024,4,488,1.0,0.0,1,2,First-Time Buyers
C0081,Individual,F,USA,California,82,Home,Yes,Website,4,4,1522144.26,380536.065,655054.84,1252.745,4,549,0.75,0.25,2,0,Luxury Investors
C0082,Individual,F,USA,Virginia,44,Investment,No,Client,5,5,1282267.95,256453.59,336673.91,884.2239999999999,4,700,1.0,0.0,1,2,First-Time Buyers
C0083,Individual,M,USA,California,87,Home,No,Website,5,6,1513641.46,252273.57666666666,360807.72,851.395,5,548,1.0,0.0,3,0,Corporate Buyers
C0084,Individual,M,USA,Wyoming,77,Home,No,Agency,3,5,1762231.92,352446.38399999996,517695.89,1083.6119999999999,5,456,0.6,0.4,0,0,Global Investors
C0085,Individual,M,USA,California,59,Home,Yes,Agency,4,4,1185505.46,296376.365,480842.09,986.395,4,457,1.0,0.0,1,0,First-Time Buyers
C0086,Individual,F,USA,California,57,Home,Yes,Website,3,5,1928188.6099999999,385637.72199999995,525721.08,1354.634,5,518,1.0,0.0,2,0,Luxury Investors
C0087,Individual,F,USA,California,46,Home,No,Agency,4,4,1681153.28,420288.32,508371.29,1287.6625,4,396,0.75,0.25,2,1,Luxury Investors
C0088,Individual,M,USA,Oregon,89,Investment,No,Website,2,6,1450519.57,241753.2616666667,308622.38,786.9733333333334,5,337,0.8333333333333334,0.16666666666666666,0,0,Global Investors
C0089,Individual,M,USA,California,76,Home,No,Agency,3,4,1041853.81,260463.4525,302297.34,854.79,4,578,1.0,0.0,1,0,First-Time Buyers
C0090,Individual,M,USA,California,43,Home,No,Client,5,5,980850.4199999999,196170.08399999997,252200.58,703.798,5,487,1.0,0.0,1,0,First-Time Buyers
C0091,Individual,F,USA,California,66,Home,No,Website,4,4,1356644.74,339161.185,432448.91,1161.6775,4,275,1.0,0.0,1,0,First-Time Buyers
C0092,Individual,M,USA,Kansas,54,Home,No,Website,3,8,2817926.96,352240.87,536812.04,1218.0425,7,639,0.875,0.125,3,0,Corporate Buyers
C0093,Individual,M,USA,California,63,Home,No,Agency,2,5,1732558.38,346511.676,438704.41,1196.466,5,640,1.0,0.0,2,0,Luxury Investors
C0094,Individual,F,USA,California,77,Home,No,Website,5,5,1062675.82,212535.16400000002,292598.12,692.664,4,365,0.8,0.2,1,1,First-Time Buyers
C0095,Individual,M,USA,California,61,Home,Yes,Agency,3,6,1668973.02,278162.17,384992.37,923.105,4,579,0.6666666666666666,0.3333333333333333,0,0,Global Investors
C0096,Individual,M,USA,California,40,Investment,Yes,Website,3,4,1363013.17,340753.2925,452667.01,1113.615,4,488,1.0,0.0,1,2,First-Time Buyers
C0097,Individual,M,USA,Virginia,82,Home,Yes,Website,5,7,2189906.04,312843.72000000003,491025.48,1061.722857142857,5,456,0.7142857142857143,0.2857142857142857,3,0,Corporate Buyers
C0098,Individual,F,Russia,Saint Petersburg,76,Home,Yes,Agency,3,4,1131592.65,282898.1625,427106.32,981.955,4,153,1.0,0.0,1,0,First-Time Buyers
C0099,Individual,M,USA,California,84,Investment,No,Website,4,6,2000308.58,333384.76333333337,417894.67,1201.5883333333334,5,365,0.8333333333333334,0.16666666666666666,3,0,Corporate Buyers
C0100,Individual,M,USA,California,56,Home,No,Website,3,4,1449544.65,362386.1625,526802.73,1174.44,4,92,1.0,0.0,2,0,Luxury Investors
C0101,Individual,F,USA,Nevada,74,Home,No,Website,3,4,1125013.8,281253.45,392645.79,874.345,4,304,0.75,0.25,0,1,Global Investors
C0102,Individual,M,USA,California,78,Investment,Yes,Website,5,9,3403263.85,378140.4277777778,621956.37,1222.908888888889,8,670,0.8888888888888888,0.1111111111111111,3,0,Corporate Buyers
C0103,Individual,M,USA,Colorado,52,Home,No,Website,3,5,1483838.77,296767.754,408331.77,964.9799999999999,4,609,1.0,0.0,1,0,First-Time Buyers
C0104,Individual,M,USA,California,47,Home,No,Website,5,5,1677155.01,335431.002,510060.4,1090.3,4,579,0.8,0.2,0,0,Global Investors
C0105,Individual,F,USA,California,66,Investment,Yes,Website,2,5,1328084.36,265616.87200000003,338774.34,850.948,5,457,0.6,0.4,0,1,Global Investors
C0106,Individual,M,USA,Colorado,72,Home,No,Website,4,4,957679.27,239419.8175,452919.18,820.9825000000001,4,426,1.0,0.0,1,0,First-Time Buyers
C0107,Individual,M,USA,California,66,Home,Yes,Agency,4,5,1715058.23,343011.646,537998.71,1102.66,5,517,0.8,0.2,2,0,Luxury Investors
C0108,Individual,M,USA,California,67,Home,No,Agency,4,6,1998798.72,333133.12,583919.98,1104.1699999999998,4,426,0.8333333333333334,0.16666666666666666,2,0,Luxury Investors
C0109,Individual,F,USA,California,92,Investment,Yes,Agency,5,5,1995551.0899999999,399110.218,579807.82,1285.854,4,609,0.6,0.4,0,1,Global Investors
C0110,Individual,F,USA,California,66,Investment,Yes,Agency,5,5,1205555.46,241111.092,487772.33,811.4019999999999,5,487,1.0,0.0,1,2,First-Time Buyers
C0111,Individual,M,USA,Arizona,46,Home,Yes,Website,2,4,1198421.22,299605.305,476038.28,896.7175,4,456,1.0,0.0,1,2,First-Time Buyers
C0112,Individual,F,USA,California,65,Investment,Yes,Agency,1,5,1775142.2,355028.44,619787.84,1115.986,5,579,1.0,0.0,2,0,Luxury Investors
C0113,Individual,M,USA,Utah,76,Investment,No,Agency,4,4,1414433.46,353608.365,535865.96,1186.715,4,700,1.0,0.0,2,2,Luxury Investors
C0114,Individual,F,USA,California,63,Home,Yes,Website,1,4,1124004.05,281001.0125,382143.98,932.9449999999999,3,517,1.0,0.0,1,2,First-Time Buyers
C0115,Individual,F,USA,California,47,Home,No,Agency,5,5,1757354.59,351470.918,460001.26,1143.692,5,610,0.6,0.4,0,0,Global Investors
C0116,Individual,F,USA,California,70,Investment,No,Website,4,8,2484590.08,310573.76,629574.18,1039.8925,7,639,0.875,0.125,3,0,Corporate Buyers
C0117,Individual,M,UK,Scotland,61,Investment,No,Agency,4,8,2884556.25,360569.53125,602366.78,1135.78625,7,610,0.625,0.375,3,0,Corporate Buyers
C0118,Individual,F,USA,Oregon,77,Investment,No,Agency,5,4,1218377.19,304594.2975,461101.0,1009.1225,4,215,0.75,0.25,0,1,Global Investors
C0119,Individual,F,USA,California,83,Home,Yes,Website,1,4,1603043.92,400760.98,527627.25,1399.315,4,640,1.0,0.0,2,0,Luxury Investors
C0120,Individual,F,USA,California,72,Home,Yes,Website,4,5,1753587.39,350717.478,577922.22,1243.96,5,518,1.0,0.0,2,0,Luxury Investors
C0121,Individual,M,USA,Nevada,75,Home,No,Website,2,5,1169150.31,233830.062,418772.73,806.688,4,487,1.0,0.0,1,0,First-Time Buyers
C0122,Individual,F,USA,California,52,Home,Yes,Agency,1,4,1412560.68,353140.17,550180.2,1085.975,4,487,1.0,0.0,1,2,First-Time Buyers
C0123,Individual,F,USA,California,63,Home,Yes,Website,4,5,1821348.69,364269.738,502456.39,1230.6599999999999,5,578,1.0,0.0,2,0,Luxury Investors
C0124,Individual,F,USA,California,62,Home,No,Agency,4,5,1613985.08,322797.016,367468.14,1184.6299999999999,4,214,0.8,0.2,0,0,Global Investors
C0125,Individual,M,USA,Colorado,49,Home,Yes,Agency,4,4,1341108.25,335277.0625,503351.9,1148.5475,4,121,0.75,0.25,0,0,Global Investors
C0126,Individual,F,USA,California,53,Investment,No,Agency,2,5,1319929.46,263985.892,498779.18,850.052,4,518,0.8,0.2,0,2,Global Investors
C0127,Individual,M,USA,Nevada,51,Home,Yes,Website,2,4,967474.23,241868.5575,355073.4,765.085,4,608,1.0,0.0,1,2,First-Time Buyers
C0128,Company,M,USA,Nevada,62,Investment,Yes,Website,5,5,1639392.9500000002,327878.59,535798.14,1054.034,5,579,0.8,0.2,0,3,Global Investors
C0129,Individual,M,USA,Arizona,52,Investment,No,Website,5,4,1748372.75,437093.1875,584468.16,1296.9850000000001,4,610,0.75,0.25,2,0,Luxury Investors
C0130,Individual,M,USA,Nevada,66,Home,Yes,Website,3,4,1488042.88,372010.72,509032.38,1215.035,3,456,1.0,0.0,2,0,Luxury Investors
C0131,Individual,M,USA,California,54,Home,No,Website,1,5,1428058.5499999998,285611.70999999996,538931.69,928.7940000000001,5,517,1.0,0.0,1,0,First-Time Buyers
C0132,Individual,M,USA,Nevada,60,Home,Yes,Agency,1,4,1203775.04,300943.76,403463.16,1025.1775,4,396,1.0,0.0,1,2,First-Time Buyers
C0133,Individual,M,USA,California,79,Investment,No,Agency,4,4,1449799.93,362449.9825,457718.07,1177.4025000000001,4,426,1.0,0.0,2,2,Luxury Investors
C0134,Individual,F,Russia,Novosibirsk,93,Investment,No,Website,3,5,1761669.8699999999,352333.974,595167.57,1095.602,4,669,1.0,0.0,2,2,Luxury Investors
C0135,Individual,M,USA,Utah,86,Investment,No,Agency,2,4,1221442.92,305360.73,446236.57,1043.6100000000001,3,487,0.75,0.25,0,1,Global Investors
C0136,Individual,M,USA,California,52,Home,No,Website,3,5,1892554.72,378510.944,550949.39,1244.274,5,120,0.4,0.6,0,1,Global Investors
C0137,Individual,F,USA,California,68,Home,Yes,Website,3,4,989750.45,247437.6125,328405.23,855.0699999999999,4,304,0.75,0.25,0,1,Global Investors
C0138,Individual,F,USA,Oregon,86,Investment,Yes,Website,3,5,1367824.55,273564.91000000003,362755.75,914.412,5,639,0.6,0.4,0,1,Global Investors
C0139,Individual,F,USA,California,56,Home,Yes,Website,5,5,1807366.3,361473.26,448450.76,1136.694,5,487,1.0,0.0,2,0,Luxury Investors
C0140,Individual,F,USA,California,73,Home,No,Website,3,5,1559561.53,311912.306,523923.26,1041.7220000000002,5,517,0.8,0.2,0,0,Global Investors
C0141,Individual,F,USA,California,39,Home,No,Website,5,5,1765019.09,353003.818,520595.39,1088.806,5,639,0.8,0.2,2,0,Luxury Investors
C0142,Individual,F,USA,Nevada,47,Home,Yes,Website,3,5,1673770.19,334754.038,479876.57,1149.396,5,487,0.8,0.2,2,0,Luxury Investors
C0143,Individual,M,USA,California,67,Home,No,Website,1,8,2389960.3,298745.0375,512659.6,1008.6325,8,608,0.875,0.125,3,0,Corporate Buyers
C0144,Individual,M,USA,California,71,Home,No,Agency,4,5,1897739.74,379547.948,564424.34,1206.354,5,365,1.0,0.0,2,0,Luxury Investors
C0145,Individual,F,USA,California,61,Home,No,Website,4,5,1746571.55,349314.31,499388.61,1297.3200000000002,5,486,0.8,0.2,2,0,Luxury Investors
C0146,Individual,M,USA,Colorado,62,Home,No,Website,2,4,1481536.3900000001,370384.09750000003,540074.5,1242.6425,4,121,1.0,0.0,2,0,Luxury Investors
C0147,Individual,M,USA,Utah,77,Home,No,Client,4,5,1398309.27,279661.854,509124.24,1000.47,5,516,0.6,0.4,0,0,Global Investors
C0148,Individual,M,USA,Colorado,56,Investment,Yes,Agency,4,4,1700383.7,425095.925,597216.83,1413.5925,4,365,1.0,0.0,2,2,Luxury Investors
C0149,Individual,M,Russia,Krasnodar Krai,70,Investment,No,Agency,3,4,1049009.0,262252.25,343513.68,906.4850000000001,4,305,0.75,0.25,0,1,Global Investors
C0150,Individual,M,USA,California,57,Home,Yes,Website,2,4,1846066.58,461516.645,543777.59,1500.95,4,396,1.0,0.0,2,0,Luxury Investors
C0151,Individual,F,USA,Oregon,49,Home,No,Agency,1,5,1589086.32,317817.264,537546.81,1123.442,5,425,1.0,0.0,1,0,First-Time Buyers
C0152,Individual,F,USA,California,58,Investment,Yes,Agency,2,7,2539205.93,362743.7042857143,603518.77,1212.7585714285713,6,516,1.0,0.0,3,0,Corporate Buyers
C0153,Individual,F,USA,California,42,Home,No,Website,5,5,1560375.26,312075.052,570549.18,944.0319999999999,5,609,1.0,0.0,1,0,First-Time Buyers
C0154,Individual,F,USA,California,60,Home,Yes,Agency,4,5,2142457.31,428491.462,669332.95,1390.49,5,516,0.6,0.4,2,0,Luxury Investors
C0155,Company,M,USA,California,50,Investment,No,Agency,5,5,1622885.53,324577.106,512459.69,1097.394,5,455,0.8,0.2,0,3,Global Investors
C0156,Individual,F,USA,California,59,Home,No,Website,5,4,1344903.47,336225.8675,409183.72,1102.105,4,487,0.75,0.25,0,1,Global Investors
C0157,Individual,M,USA,Colorado,73,Home,Yes,Client,2,4,1060400.03,265100.0075,431549.73,830.7675,4,366,1.0,0.0,1,2,First-Time Buyers
C0158,Individual,F,USA,Virginia,46,Investment,Yes,Agency,3,4,1439477.66,359869.415,551363.7,1131.4975,4,548,0.75,0.25,0,0,Global Investors
C0159,Individual,M,USA,California,83,Home,No,Website,3,4,1596507.45,399126.8625,477228.5,1336.7325,4,609,1.0,0.0,2,0,Luxury Investors
C0160,Individual,F,USA,California,66,Home,No,Website,4,5,1679716.96,335943.392,514747.26,1144.06,5,488,0.6,0.4,0,0,Global Investors
C0161,Individual,M,USA,California,74,Home,No,Website,5,9,2534264.26,281584.91777777777,411233.36,939.4144444444444,7,456,0.8888888888888888,0.1111111111111111,3,0,Corporate Buyers
C0162,Individual,M,USA,California,72,Home,No,Website,4,4,1135363.52,283840.88,434121.6,983.24,4,456,0.75,0.25,0,1,Global Investors
C0163,Individual,M,USA,Utah,39,Investment,Yes,Agency,5,4,1506594.21,376648.5525,472632.31,1307.32,4,304,0.75,0.25,2,0,Luxury Investors
C0164,Individual,M,USA,Arizona,39,Home,No,Website,5,4,1436152.54,359038.135,513021.02,1196.7975,4,427,1.0,0.0,2,0,Luxury Investors
C0165,Individual,F,USA,California,69,Home,Yes,Website,3,3,1276849.33,425616.44333333336,539711.96,1357.1933333333334,3,276,1.0,0.0,2,2,Luxury Investors
C0166,Individual,F,USA,Arizona,41,Home,Yes,Agency,4,4,1273643.37,318410.8425,602056.71,1025.3225,4,548,1.0,0.0,1,0,First-Time Buyers
C0167,Individual,F,UK,Scotland,70,Home,Yes,Website,3,7,2749577.33,392796.7614285714,535236.81,1320.3814285714286,7,549,0.8571428571428571,0.14285714285714285,3,0,Corporate Buyers
C0168,Individual,F,USA,Nevada,65,Home,No,Agency,3,4,1491785.87,372946.4675,475258.58,1329.6025,4,549,1.0,0.0,2,0,Luxury Investors
C0169,Individual,M,USA,Ohio,35,Investment,Yes,Agency,5,3,688864.2,229621.4,311647.12,845.8633333333333,3,548,0.3333333333333333,0.6666666666666666,0,1,Global Investors
C0170,Individual,M,USA,California,76,Home,No,Website,5,3,1161316.17,387105.38999999996,525251.32,1339.7466666666667,3,273,1.0,0.0,2,2,Luxury Investors
C0171,Individual,F,USA,Washington,34,Investment,Yes,Client,5,4,1278753.71,319688.4275,373786.79,1070.72,4,516,1.0,0.0,1,2,First-Time Buyers
C0172,Individual,F,USA,Washington,33,Home,Yes,Agency,1,4,1681471.9100000001,420367.97750000004,484259.13,1572.79,4,456,0.75,0.25,2,0,Luxury Investors
C0173,Individual,F,USA,Arizona,49,Home,Yes,Agency,5,8,2619968.43,327496.05375,521184.68,1074.5925,7,486,1.0,0.0,3,0,Corporate Buyers
C0174,Individual,F,USA,California,43,Investment,No,Client,3,3,865359.73,288453.24333333335,386354.65,869.7866666666667,3,29,1.0,0.0,1,2,First-Time Buyers
C0175,Individual,M,USA,Washington,63,Home,No,Agency,5,4,1606138.1199999999,401534.52999999997,634424.32,1313.38,4,547,0.5,0.5,0,1,Global Investors
C0176,Individual,F,USA,California,32,Home,No,Website,2,6,2681927.91,446987.98500000004,526217.19,1514.8,3,548,1.0,0.0,2,0,Luxury Investors
C0177,Individual,F,UK,England,74,Home,Yes,Website,5,7,2269897.21,324271.02999999997,524447.11,1160.9514285714286,7,579,0.8571428571428571,0.14285714285714285,3,0,Corporate Buyers
C0178,Individual,F,USA,Virginia,73,Home,No,Agency,4,7,2665917.96,380845.42285714287,548503.64,1284.9985714285715,7,426,0.7142857142857143,0.2857142857142857,3,0,Corporate Buyers
C0179,Individual,F,USA,Oregon,39,Investment,No,Website,2,8,2131372.11,266421.51375,358234.23,947.5450000000001,8,700,0.625,0.375,3,0,Corporate Buyers
C0180,Individual,M,USA,California,82,Home,Yes,Agency,2,7,2660292.37,380041.76714285713,542668.47,1249.51,7,578,0.8571428571428571,0.14285714285714285,3,0,Corporate Buyers
C0181,Individual,M,USA,Texas,55,Home,Yes,Website,2,7,2047189.62,292455.66000000003,350173.43,974.1771428571428,7,517,0.8571428571428571,0.14285714285714285,3,0,Corporate Buyers
C0182,Individual,F,Germany,North Rhine-Westphalia,54,Investment,Yes,Website,1,8,3082362.35,385295.29375,642233.35,1246.94625,8,700,1.0,0.0,3,0,Corporate Buyers
C0183,Individual,M,USA,Nevada,37,Home,No,Website,3,7,1883106.92,269015.27428571426,330298.49,907.1042857142857,7,426,1.0,0.0,3,0,Corporate Buyers
C0184,Individual,M,USA,Florida,31,Home,No,Website,1,6,2618938.16,436489.69333333336,575737.82,1481.7150000000001,5,488,1.0,0.0,3,0,Corporate Buyers
C0185,Individual,F,USA,Nevada,80,Home,Yes,Agency,4,7,2491911.81,355987.40142857144,559547.45,1137.2942857142857,7,487,1.0,0.0,3,0,Corporate Buyers
C0186,Individual,F,USA,Virginia,43,Home,No,Website,1,8,2674286.63,334285.82875,535134.61,1100.27125,5,457,1.0,0.0,3,0,Corporate Buyers
C0187,Individual,F,USA,Florida,35,Home,No,Website,1,6,2066651.1400000001,344441.8566666667,535002.72,1135.37,5,640,0.6666666666666666,0.3333333333333333,3,0,Corporate Buyers
C0188,Individual,M,USA,Oregon,85,Home,Yes,Website,5,7,2891447.6,413063.9428571429,615305.89,1263.962857142857,7,487,0.7142857142857143,0.2857142857142857,3,0,Corporate Buyers
C0189,Individual,F,USA,California,67,Home,No,Agency,2,7,2209659.42,315665.6314285714,631227.87,1024.6857142857143,7,243,0.8571428571428571,0.14285714285714285,3,0,Corporate Buyers
C0190,Individual,F,USA,California,54,Home,No,Website,2,7,2276701.17,325243.02428571426,518963.51,1049.1542857142856,7,547,0.8571428571428571,0.14285714285714285,3,0,Corporate Buyers
C0191,Individual,F,USA,Florida,48,Home,No,Agency,3,8,2172926.7600000002,271615.84500000003,374700.13,913.8512499999999,6,578,0.625,0.375,3,0,Corporate Buyers
C0192,Individual,F,Belgium,Brussels,41,Investment,Yes,Website,2,7,2900509.0999999996,414358.4428571428,609045.19,1304.7214285714288,7,669,0.7142857142857143,0.2857142857142857,3,0,Corporate Buyers
C0193,Individual,F,USA,California,57,Investment,Yes,Website,4,7,1933778.2399999998,276254.03428571427,525419.08,962.7214285714286,7,548,0.5714285714285714,0.42857142857142855,3,0,Corporate Buyers
C0194,Individual,M,France,Ile-de-France,72,Home,Yes,Website,5,7,2759372.27,394196.03857142857,610038.08,1237.292857142857,7,457,0.7142857142857143,0.2857142857142857,3,0,Corporate Buyers
C0195,Individual,M,USA,California,78,Home,Yes,Website,2,7,2102233.85,300319.12142857147,486957.94,1029.2714285714285,7,700,0.7142857142857143,0.2857142857142857,3,0,Corporate Buyers
C0196,Individual,M,USA,Nevada,68,Investment,No,Agency,5,6,2611736.44,435289.4066666667,605691.78,1411.9466666666667,6,578,1.0,0.0,3,0,Corporate Buyers
C0197,Individual,M,USA,Virginia,81,Home,No,Client,4,8,2775768.6,346971.075,590525.42,1082.87,5,579,1.0,0.0,3,0,Corporate Buyers
C0198,Individual,F,USA,California,49,Home,No,Website,4,8,2399689.67,299961.20875,510536.52,997.5475,7,608,1.0,0.0,3,0,Corporate Buyers
C0199,Individual,M,USA,California,67,Home,No,Agency,3,7,2582959.87,368994.26714285713,596863.29,1162.7385714285715,7,669,0.8571428571428571,0.14285714285714285,3,0,Corporate Buyers
C0200,Individual,F,USA,California,81,Home,No,Agency,1,4,1071359.3900000001,267839.84750000003,410486.46,920.7075,4,305,1.0,0.0,1,0,First-Time Buyers
C0201,Individual,F,USA,California,57,Home,No,Agency,1,4,1298787.54,324696.885,402705.53,1147.435,4,397,0.75,0.25,0,1,Global Investors
C0202,Individual,M,Canada,British Columbia,29,Home,No,Website,1,3,1019272.5900000001,339757.53,446358.88,1049.3799999999999,3,396,0.6666666666666666,0.3333333333333333,0,1,Global Investors
C0203,Individual,F,USA,California,69,Home,No,Client,4,4,1242478.83,310619.7075,596471.37,916.0375,4,397,1.0,0.0,1,0,First-Time Buyers
C0204,Individual,F,USA,California,78,Home,No,Agency,5,3,934432.98,311477.66,354252.16,1042.7266666666667,3,182,0.6666666666666666,0.3333333333333333,0,1,Global Investors
C0205,Individual,F,Mexico,Puebla,57,Home,Yes,Agency,1,3,949224.48,316408.16,390197.22,1072.7266666666667,3,487,0.6666666666666666,0.3333333333333333,0,1,Global Investors
C0206,Individual,F,USA,California,68,Home,Yes,Agency,1,3,853060.9299999999,284353.6433333333,378709.68,851.4266666666667,3,517,1.0,0.0,1,2,First-Time Buyers
C0207,Individual,M,USA,Virginia,81,Investment,No,Website,4,3,889948.76,296649.58666666667,533390.74,1104.51,3,274,1.0,0.0,1,2,First-Time Buyers
C0208,Individual,M,France,Provence,39,Home,Yes,Agency,4,4,1199654.38,299913.595,528026.75,997.4100000000001,4,366,0.75,0.25,0,1,Global Investors
C0209,Individual,M,USA,Arizona,76,Investment,No,Agency,3,4,979868.13,244967.0325,277921.61,794.1275,4,579,0.75,0.25,0,1,Global Investors
C0210,Individual,F,USA,Colorado,82,Home,No,Website,2,4,1346156.55,336539.1375,567823.18,1135.53,4,579,1.0,0.0,1,0,First-Time Buyers
C0211,Individual,F,USA,California,53,Home,No,Agency,3,4,1254240.07,313560.0175,514096.93,1053.27,4,487,0.75,0.25,0,1,Global Investors
C0212,Individual,M,USA,California,69,Home,No,Agency,4,3,1068278.76,356092.92,408993.51,1224.68,3,397,1.0,0.0,1,2,First-Time Buyers
C0213,Individual,M,USA,Florida,49,Investment,No,Agency,5,3,809691.13,269897.04333333333,361389.54,897.3100000000001,3,457,0.6666666666666666,0.3333333333333333,0,1,Global Investors
C0214,Individual,F,Belgium,Brussels,79,Investment,No,Website,5,3,1070534.6400000001,356844.88000000006,481085.34,1179.5233333333333,3,579,1.0,0.0,1,2,First-Time Buyers
C0215,Individual,F,Germany,Hamburg,26,Investment,No,Website,4,3,1032856.46,344285.48666666663,501616.65,1110.27,3,61,1.0,0.0,1,2,First-Time Buyers
C0216,Individual,M,USA,Utah,26,Home,No,Website,1,4,1352642.3399999999,338160.58499999996,392569.11,1063.04,4,579,0.75,0.25,0,1,Global Investors
C0217,Individual,F,USA,Colorado,41,Home,No,Website,3,4,1238434.91,309608.7275,512052.93,1019.1225,4,608,1.0,0.0,1,0,First-Time Buyers
C0218,Individual,F,USA,California,55,Home,No,Website,2,3,836639.27,278879.75666666665,371174.41,913.6700000000001,3,518,0.6666666666666666,0.3333333333333333,0,1,Global Investors
C0219,Individual,M,USA,California,37,Home,No,Website,4,4,1267653.57,316913.3925,639093.49,1035.1925,4,669,0.75,0.25,0,1,Global Investors
C0220,Individual,M,Canada,Ontario,74,Investment,No,Website,1,3,1060812.68,353604.2266666666,521703.52,1101.55,3,397,1.0,0.0,1,2,First-Time Buyers
C0221,Company,F,USA,California,38,Home,No,Website,5,4,1377133.5999999999,344283.39999999997,538973.07,1186.5225,4,334,1.0,0.0,1,3,First-Time Buyers
C0222,Individual,M,USA,Utah,69,Investment,No,Agency,3,3,1223560.82,407853.6066666667,421263.63,1517.47,3,214,1.0,0.0,2,2,Luxury Investors
C0223,Individual,M,USA,Colorado,52,Investment,Yes,Website,3,4,969341.87,242335.4675,304478.01,837.5225,4,487,1.0,0.0,1,2,First-Time Buyers
C0224,Individual,M,USA,Colorado,65,Home,No,Website,5,3,1189255.63,396418.5433333333,539103.37,1330.2166666666667,3,609,1.0,0.0,2,2,Luxury Investors
C0225,Individual,F,USA,California,77,Home,Yes,Agency,1,4,1120626.94,280156.735,405353.74,905.7525,4,700,0.75,0.25,0,1,Global Investors
C0226,Individual,F,USA,Colorado,67,Home,No,Website,2,3,1571251.03,523750.3433333333,675765.41,1599.3433333333332,3,365,1.0,0.0,2,2,Luxury Investors
C0227,Individual,F,USA,Arizona,81,Home,Yes,Website,5,3,942245.37,314081.79,499753.6,1104.51,3,639,1.0,0.0,1,2,First-Time Buyers
C0228,Individual,F,USA,Oregon,73,Investment,No,Website,4,3,606605.72,202201.90666666665,306527.75,610.62,3,455,0.6666666666666666,0.3333333333333333,0,1,Global Investors
C0229,Individual,M,USA,Colorado,44,Investment,No,Website,5,3,892220.13,297406.71,355384.51,900.46,3,549,1.0,0.0,1,2,First-Time Buyers
C0230,Company,M,USA,Nevada,48,Investment,Yes,Website,4,4,1457429.02,364357.255,567272.16,1104.2925,4,547,1.0,0.0,1,3,First-Time Buyers
C0231,Individual,M,Denmark,Central Denmark,32,Investment,Yes,Website,2,3,729893.08,243297.69333333333,367286.05,849.6366666666667,3,306,1.0,0.0,1,2,First-Time Buyers
C0232,Individual,F,USA,California,63,Home,Yes,Website,3,4,1276710.4900000002,319177.62250000006,556388.88,1036.6525,4,486,1.0,0.0,1,0,First-Time Buyers
C0233,Individual,M,France,Provence,28,Home,Yes,Website,4,4,1105806.54,276451.635,427127.89,914.3125,4,365,1.0,0.0,1,2,First-Time Buyers
C0234,Individual,F,USA,New York,46,Home,Yes,Website,1,3,839967.04,279989.01333333337,439529.6,973.09,3,91,1.0,0.0,1,2,First-Time Buyers
C0235,Individual,M,USA,California,76,Home,No,Website,5,4,1268586.58,317146.645,427566.1,1092.085,4,669,1.0,0.0,1,0,First-Time Buyers
C0236,Individual,M,Canada,Manitoba,53,Home,No,Agency,3,3,1321475.69,440491.89666666667,627817.81,1449.5,3,153,0.3333333333333333,0.6666666666666666,0,1,Global Investors
C0237,Individual,M,USA,California,41,Home,Yes,Website,5,3,1392353.31,464117.77,501441.18,1630.1366666666665,3,396,1.0,0.0,2,2,Luxury Investors
C0238,Individual,F,USA,Virginia,43,Home,Yes,Agency,4,3,1125732.72,375244.24,472802.29,1125.17,3,184,1.0,0.0,1,2,First-Time Buyers
C0239,Individual,F,USA,Oregon,52,Home,Yes,Website,3,4,1352763.67,338190.9175,561242.82,1011.5799999999999,4,334,0.5,0.5,0,1,Global Investors
C0240,Individual,F,USA,Colorado,83,Investment,No,Website,3,3,935028.28,311676.0933333333,414273.14,1022.67,3,456,0.3333333333333333,0.6666666666666666,0,1,Global Investors
C0241,Individual,F,Mexico,Nuevo Leon,63,Home,Yes,Website,5,3,1025934.71,341978.23666666663,486971.08,1110.27,3,275,1.0,0.0,1,2,First-Time Buyers
C0242,Individual,M,USA,Utah,27,Home,Yes,Agency,3,4,1358315.73,339578.9325,478633.51,1191.1025,4,516,0.75,0.25,0,1,Global Investors
C0243,Individual,F,USA,Utah,47,Home,No,Website,2,4,1382777.8900000001,345694.47250000003,497893.52,1286.2725,4,516,1.0,0.0,2,0,Luxury Investors
C0244,Individual,F,USA,California,27,Home,No,Website,1,3,1046652.28,348884.0933333333,540440.51,1095.0333333333335,3,92,0.3333333333333333,0.6666666666666666,0,1,Global Investors
C0245,Individual,M,USA,Nevada,51,Investment,No,Agency,4,3,1354584.5,451528.1666666667,648020.11,1439.256666666667,3,640,1.0,0.0,2,2,Luxury Investors
C0246,Individual,M,France,Normandy,33,Home,Yes,Agency,1,3,1024485.26,341495.08666666667,369524.95,1117.9399999999998,3,122,0.6666666666666666,0.3333333333333333,0,1,Global Investors
C0247,Individual,M,USA,California,60,Home,No,Website,1,4,1696540.52,424135.13,553756.62,1458.93,4,212,1.0,0.0,2,0,Luxury Investors
C0248,Individual,M,USA,Florida,57,Home,Yes,Agency,4,3,1035934.63,345311.54333333333,371257.45,1224.68,3,213,0.6666666666666666,0.3333333333333333,0,1,Global Investors
C0249,Individual,F,USA,California,57,Investment,No,Agency,4,4,1142995.52,285748.88,489564.98,1027.3249999999998,4,245,1.0,0.0,1,2,First-Time Buyers
C0250,Individual,M,UK,England,78,Home,No,Agency,2,3,982306.66,327435.55333333334,459717.65,1076.69,3,366,1.0,0.0,1,2,First-Time Buyers
C0251,Individual,F,USA,Utah,49,Home,No,Website,5,3,463611.95,154537.31666666668,211507.17,564.01,3,335,1.0,0.0,1,2,First-Time Buyers
C0252,Individual,F,USA,Nevada,72,Investment,No,Website,2,3,1082221.48,360740.49333333335,527700.01,1209.64,3,609,0.6666666666666666,0.3333333333333333,0,1,Global Investors
C0253,Individual,F,USA,Virginia,31,Home,No,Website,4,4,1239226.11,309806.5275,486893.64,1052.8325,4,90,1.0,0.0,1,0,First-Time Buyers
C0254,Individual,F,USA,Florida,69,Home,No,Website,5,4,1332152.57,333038.1425,499070.64,1096.3725,4,518,1.0,0.0,1,0,First-Time Buyers
C0255,Individual,F,UK,England,64,Investment,Yes,Client,3,4,1689083.06,422270.765,598112.26,1253.3075,4,486,1.0,0.0,2,2,Luxury Investors
C0256,Individual,M,USA,California,35,Home,Yes,Website,1,3,1150229.15,383409.7166666666,574185.82,1281.3166666666666,3,426,1.0,0.0,2,2,Luxury Investors
C0257,Individual,M,USA,California,51,Home,No,Website,1,3,1145456.23,381818.74333333335,534131.64,1277.84,3,455,0.6666666666666666,0.3333333333333333,0,1,Global Investors
C0258,Individual,M,UK,Northern Ireland,34,Home,Yes,Agency,4,3,1001712.37,333904.12333333335,525651.46,1173.1833333333334,3,273,1.0,0.0,1,2,First-Time Buyers
C0259,Individual,F,USA,Oregon,35,Home,No,Website,4,3,779396.4099999999,259798.80333333332,327070.05,842.68,3,274,1.0,0.0,1,2,First-Time Buyers
C0260,Individual,F,USA,Nevada,79,Investment,No,Website,3,4,1057192.79,264298.1975,387130.78,820.9225,4,395,0.5,0.5,0,1,Global Investors
C0261,Company,F,USA,Florida,40,Investment,Yes,Website,4,4,2094623.1,523655.775,553392.84,1676.3825,4,426,0.75,0.25,2,3,Luxury Investors
C0262,Individual,M,USA,Oregon,78,Home,No,Website,2,3,1233260.4,411086.8,507625.15,1359.24,3,212,1.0,0.0,2,2,Luxury Investors
C0263,Individual,M,USA,Nevada,44,Investment,Yes,Website,2,3,969140.41,323046.80333333334,377230.63,1016.7633333333333,3,304,1.0,0.0,1,2,First-Time Buyers
C0264,Individual,F,USA,Colorado,33,Home,Yes,Agency,2,4,1127766.02,281941.505,343865.15,972.245,4,425,0.75,0.25,0,1,Global Investors
C0265,Company,M,Belgium,Flanders,58,Home,No,Website,1,4,1708031.99,427007.9975,629727.03,1293.0725,4,549,0.75,0.25,2,3,Luxury Investors
C0266,Individual,M,USA,California,48,Home,Yes,Agency,5,3,931646.38,310548.79333333333,423535.41,1078.7866666666666,3,425,0.6666666666666666,0.3333333333333333,0,1,Global Investors
C0267,Individual,F,USA,Utah,77,Home,Yes,Agency,4,4,1314495.01,328623.7525,426946.49,1096.12,4,579,1.0,0.0,1,0,First-Time Buyers
C0268,Individual,F,USA,Georgia,66,Investment,No,Website,3,4,1108939.8599999999,277234.96499999997,425894.16,900.39,4,274,0.75,0.25,0,1,Global Investors
C0269,Individual,M,USA,New York,56,Home,No,Agency,2,3,1049110.08,349703.36000000004,536079.52,1076.69,3,456,0.6666666666666666,0.3333333333333333,0,1,Global Investors
C0270,Individual,F,USA,Florida,81,Home,No,Website,5,3,924009.9,308003.3,389694.82,983.4266666666667,3,273,0.6666666666666666,0.3333333333333333,0,1,Global Investors
C0271,Individual,F,USA,California,53,Investment,No,Agency,3,4,1295689.37,323922.3425,479460.4,1024.3375,4,609,0.5,0.5,0,1,Global Investors
C0272,Individual,F,UK,Scotland,32,Home,Yes,Website,5,4,1439584.37,359896.0925,535120.87,1248.58,4,547,1.0,0.0,2,0,Luxury Investors
C0273,Individual,M,Denmark,Zealand,38,Investment,No,Website,2,3,682452.64,227484.21333333335,341971.22,801.46,3,516,1.0,0.0,1,2,First-Time Buyers
C0274,Individual,M,USA,Florida,75,Home,No,Website,2,3,1343449.34,447816.4466666667,623754.36,1467.89,3,182,1.0,0.0,2,2,Luxury Investors
C0275,Individual,M,USA,Oregon,25,Home,Yes,Website,1,4,1237500.3,309375.075,394827.74,1177.3375,4,548,0.75,0.25,0,1,Global Investors
C0276,Individual,F,USA,Washington,72,Home,No,Website,5,3,1011195.98,337065.32666666666,419401.36,1164.9766666666667,3,397,1.0,0.0,1,2,First-Time Buyers
C0277,Individual,M,USA,Colorado,71,Investment,Yes,Agency,1,3,1123449.53,374483.1766666667,510899.59,1286.4266666666667,3,456,1.0,0.0,2,2,Luxury Investors
C0278,Individual,F,USA,California,70,Investment,Yes,Website,2,3,1442538.67,480846.2233333333,598158.07,1685.2766666666666,3,184,1.0,0.0,2,2,Luxury Investors
C0279,Individual,F,USA,Oregon,58,Home,No,Website,1,3,1012986.25,337662.0833333333,462143.05,1170.3533333333332,3,60,1.0,0.0,1,2,First-Time Buyers
C0280,Individual,M,USA,Florida,81,Home,No,Client,4,4,1282020.93,320505.2325,473146.44,1154.2525,4,456,0.75,0.25,0,1,Global Investors
C0281,Individual,F,USA,California,48,Home,Yes,Agency,1,3,1256275.37,418758.4566666667,522943.88,1388.4566666666667,3,487,0.6666666666666666,0.3333333333333333,0,1,Global Investors
C0282,Individual,F,USA,California,28,Investment,No,Website,1,4,973863.8,243465.95,315993.38,858.9825,4,547,0.75,0.25,0,1,Global Investors
C0283,Individual,F,USA,Arizona,63,Home,Yes,Agency,2,4,1118599.47,279649.8675,503401.23,922.54,4,547,0.75,0.25,0,1,Global Investors
C0284,Individual,M,USA,Arizona,48,Home,No,Client,4,4,1251975.85,312993.9625,452041.67,994.0725,4,243,1.0,0.0,1,0,First-Time Buyers
C0285,Individual,M,France,Ile-de-France,26,Investment,No,Website,3,4,1679056.13,419764.0325,575785.08,1423.1725,4,396,1.0,0.0,2,2,Luxury Investors
C0286,Individual,M,UK,Scotland,29,Home,No,Agency,1,3,859353.0900000001,286451.03,335095.0,988.6033333333334,3,334,1.0,0.0,1,2,First-Time Buyers
C0287,Individual,F,Australia,New South Wales,35,Home,No,Website,5,3,1171265.03,390421.6766666667,483565.19,1205.9633333333334,3,334,0.6666666666666666,0.3333333333333333,0,1,Global Investors
C0288,Individual,M,USA,Colorado,28,Investment,No,Agency,4,4,1364289.23,341072.3075,556972.3,1198.3725,4,486,1.0,0.0,1,2,First-Time Buyers
C0289,Individual,F,USA,California,32,Investment,No,Agency,5,4,1533862.35,383465.5875,465791.79,1200.2725,4,609,0.75,0.25,2,0,Luxury Investors
C0290,Individual,M,USA,California,63,Home,No,Website,2,3,1215398.18,405132.7266666666,618068.19,1337.1733333333334,3,486,0.6666666666666666,0.3333333333333333,0,1,Global Investors
C0291,Individual,M,USA,Nevada,72,Home,No,Agency,2,3,1322506.76,440835.58666666667,578696.13,1523.6933333333334,3,669,1.0,0.0,2,2,Luxury Investors
C0292,Individual,F,USA,California,80,Home,No,Agency,1,4,1442818.3399999999,360704.58499999996,562572.19,1084.0625,4,395,1.0,0.0,1,0,First-Time Buyers
C0293,Individual,F,USA,California,32,Investment,No,Website,4,4,1580876.65,395219.1625,555343.32,1299.3274999999999,4,518,1.0,0.0,2,2,Luxury Investors
C0294,Individual,M,USA,Nevada,62,Home,Yes,Website,3,4,1027250.91,256812.7275,483003.01,825.1324999999999,4,397,0.75,0.25,0,1,Global Investors
C0295,Individual,M,Russia,Tatarstan,58,Home,No,Agency,3,3,1350375.73,450125.24333333335,628455.63,1413.8666666666668,3,212,1.0,0.0,2,2,Luxury Investors
C0296,Individual,M,Canada,Manitoba,41,Home,Yes,Client,1,3,1142875.46,380958.48666666663,449749.3,1238.0233333333333,3,547,1.0,0.0,1,2,First-Time Buyers
C0297,Individual,F,UK,Wales,53,Investment,No,Agency,5,4,1709184.75,427296.1875,549203.19,1422.9925,4,153,1.0,0.0,2,2,Luxury Investors
C0298,Individual,F,USA,Oregon,53,Home,No,Website,3,4,1262479.23,315619.8075,565653.37,1069.63,4,640,0.75,0.25,0,1,Global Investors
C0299,Individual,F,UK,Wales,48,Home,No,Agency,5,4,1177661.76,294415.44,495541.93,948.7574999999999,4,397,1.0,0.0,1,0,First-Time Buyers
C0300,Individual,M,Canada,Alberta,66,Home,Yes,Website,5,3,844956.55,281652.18333333335,294620.75,877.9633333333333,3,365,1.0,0.0,1,2,First-Time Buyers
C0301,Individual,F,USA,Virginia,66,Home,No,Agency,4,3,1045776.52,348592.17333333334,452486.22,1286.4266666666667,3,153,1.0,0.0,1,2,First-Time Buyers
C0302,Individual,F,USA,Utah,49,Investment,No,Agency,1,4,1654300.33,413575.0825,712128.48,1239.145,4,488,0.5,0.5,0,0,Global Investors
C0303,Individual,F,USA,Virginia,68,Investment,Yes,Website,5,4,1519113.12,379778.28,464094.48,1242.0825,4,151,0.75,0.25,2,0,Luxury Investors
C0304,Individual,M,USA,California,66,Investment,No,Agency,1,4,1685753.28,421438.32,664971.32,1333.5625,4,457,1.0,0.0,2,0,Luxury Investors
C0305,Individual,F,USA,Arizona,30,Home,No,Website,1,3,1327736.23,442578.74333333335,561574.14,1493.243333333333,3,182,0.6666666666666666,0.3333333333333333,2,1,Luxury Investors
C0306,Individual,M,USA,California,37,Home,No,Client,1,4,1399698.79,349924.6975,493102.83,1075.5049999999999,4,610,0.75,0.25,0,1,Global Investors
C0307,Individual,M,USA,California,33,Home,Yes,Client,5,4,1490170.3800000001,372542.59500000003,500020.84,1167.105,4,518,0.75,0.25,0,0,Global Investors
C0308,Individual,F,Belgium,Flanders,53,Investment,Yes,Agency,4,3,1176582.54,392194.18,528227.73,1343.8166666666666,3,609,1.0,0.0,2,2,Luxury Investors
C0309,Individual,F,USA,Washington,68,Home,No,Agency,4,3,1382649.58,460883.19333333336,578028.54,1412.2166666666665,3,578,0.6666666666666666,0.3333333333333333,2,1,Luxury Investors
C0310,Individual,M,UK,Northern Ireland,33,Home,No,Website,3,3,1389329.62,463109.87333333335,525344.23,1565.3233333333335,3,365,1.0,0.0,2,2,Luxury Investors
C0311,Individual,M,USA,Georgia,73,Home,No,Website,2,4,1632999.56,408249.89,582311.86,1312.8225,4,547,0.75,0.25,2,1,Luxury Investors
C0312,Individual,M,USA,Nevada,84,Home,Yes,Website,3,4,1105668.66,276417.165,363263.79,962.3199999999999,4,365,1.0,0.0,1,0,First-Time Buyers
C0313,Company,M,USA,California,51,Home,No,Agency,1,3,1091085.9300000002,363695.31000000006,467065.87,1190.3133333333333,3,153,0.6666666666666666,0.3333333333333333,0,3,Global Investors
C0314,Individual,M,USA,Washington,43,Investment,No,Agency,4,3,1040795.02,346931.67333333334,417096.92,1138.4233333333334,3,153,0.6666666666666666,0.3333333333333333,0,1,Global Investors
C0315,Individual,M,Mexico,Baja California,38,Investment,No,Website,5,4,1178606.56,294651.64,560474.88,979.6775,4,457,0.75,0.25,0,0,Global Investors
C0316,Individual,M,UK,Scotland,28,Investment,Yes,Website,4,4,1792447.27,448111.8175,541632.06,1338.8999999999999,4,578,0.75,0.25,2,0,Luxury Investors
C0317,Individual,F,USA,California,26,Investment,Yes,Website,2,3,1248444.31,416148.10333333333,518973.54,1451.2533333333333,3,366,1.0,0.0,2,2,Luxury Investors
C0318,Individual,F,Germany,Berlin,51,Home,No,Website,5,3,871968.67,290656.2233333333,330533.73,927.6066666666666,3,122,1.0,0.0,1,2,First-Time Buyers
C0319,Company,F,USA,Texas,30,Home,Yes,Website,5,4,2061054.65,515263.6625,614698.11,1726.0575,4,609,0.75,0.25,2,3,Luxury Investors
C0320,Individual,M,USA,Texas,41,Home,Yes,Client,3,3,1317732.09,439244.03,569841.56,1465.92,3,31,0.6666666666666666,0.3333333333333333,2,1,Luxury Investors
C0321,Individual,M,USA,California,33,Investment,No,Agency,2,4,1701753.71,425438.4275,541634.06,1321.76,4,396,1.0,0.0,2,2,Luxury Investors
C0322,Individual,F,USA,California,29,Home,Yes,Website,2,3,1347002.93,449000.9766666666,591179.27,1445.2933333333333,3,395,0.6666666666666666,0.3333333333333333,2,1,Luxury Investors
C0323,Individual,F,USA,California,50,Investment,Yes,Website,2,3,1230825.62,410275.2066666667,545057.23,1308.5133333333333,3,396,0.6666666666666666,0.3333333333333333,0,1,Global Investors
C0324,Individual,M,USA,Washington,32,Home,No,Website,4,3,1147121.25,382373.75,517353.17,1313.16,3,273,0.6666666666666666,0.3333333333333333,0,1,Global Investors
C0325,Individual,F,USA,California,42,Home,Yes,Agency,5,4,1205175.56,301293.89,488081.56,1030.1225,4,486,0.5,0.5,0,1,Global Investors
C0326,Individual,M,USA,Oregon,67,Investment,Yes,Agency,4,4,1321975.5,330493.875,577426.88,1028.1275,4,426,1.0,0.0,1,2,First-Time Buyers
C0327,Individual,F,UK,Scotland,64,Home,No,Agency,1,4,1116366.72,279091.68,530962.64,933.355,4,548,1.0,0.0,1,0,First-Time Buyers
C0328,Individual,M,USA,California,79,Home,Yes,Client,1,4,1356560.31,339140.0775,504707.33,1030.21,4,579,1.0,0.0,1,0,First-Time Buyers
C0329,Individual,F,Germany,Hesse,27,Home,No,Agency,3,3,770062.4,256687.46666666667,337233.0,922.6666666666666,3,579,1.0,0.0,1,2,First-Time Buyers
C0330,Individual,M,USA,California,50,Home,No,Website,1,4,1331463.63,332865.9075,453899.37,1146.9925,4,426,1.0,0.0,1,0,First-Time Buyers
C0331,Individual,F,USA,California,41,Investment,No,Agency,3,4,1546334.4,386583.6,486548.28,1259.95,4,457,0.75,0.25,2,0,Luxury Investors
C0332,Individual,M,USA,Texas,36,Investment,No,Website,3,3,1209987.46,403329.1533333333,510194.12,1435.6633333333332,3,518,0.6666666666666666,0.3333333333333333,0,1,Global Investors
C0333,Individual,F,UK,Wales,70,Home,No,Website,3,3,1118960.06,372986.6866666667,544042.09,1203.39,3,425,0.6666666666666666,0.3333333333333333,0,1,Global Investors
C0334,Individual,M,USA,Arizona,75,Investment,No,Agency,3,4,1445655.93,361413.9825,565288.74,1047.99,4,275,0.5,0.5,0,1,Global Investors
C0335,Individual,M,USA,Arizona,50,Home,No,Website,4,4,1478341.12,369585.28,593581.03,1190.4075,4,548,0.5,0.5,0,1,Global Investors
C0336,Individual,F,USA,California,54,Investment,No,Agency,5,3,1163690.5899999999,387896.8633333333,627613.85,1226.8766666666668,3,275,1.0,0.0,1,2,First-Time Buyers
C0337,Individual,M,USA,Arizona,83,Home,Yes,Website,3,3,759310.2,253103.4,405740.25,893.3766666666667,3,182,1.0,0.0,1,2,First-Time Buyers
C0338,Individual,M,USA,California,82,Home,Yes,Website,5,4,1488671.1300000001,372167.78250000003,539440.64,1227.17,4,669,0.5,0.5,0,1,Global Investors
C0339,Individual,M,USA,Utah,62,Investment,No,Agency,5,4,1548824.23,387206.0575,503290.73,1170.135,4,669,1.0,0.0,2,2,Luxury Investors
C0340,Individual,M,USA,California,85,Investment,No,Agency,2,3,1047500.4199999999,349166.80666666664,437506.24,1263.5766666666666,3,518,1.0,0.0,1,2,First-Time Buyers
C0341,Individual,M,USA,California,43,Investment,No,Agency,4,4,1679555.42,419888.855,584357.04,1293.0725,4,549,1.0,0.0,2,2,Luxury Investors
C0342,Individual,M,USA,California,51,Investment,No,Client,2,3,1290567.3900000001,430189.13000000006,545582.64,1286.43,3,427,1.0,0.0,2,2,Luxury Investors
C0343,Individual,F,USA,California,73,Home,No,Website,2,4,1630923.97,407730.9925,626989.8,1374.585,4,547,1.0,0.0,2,0,Luxury Investors
C0344,Individual,M,Canada,British Columbia,28,Home,Yes,Website,2,4,1276344.68,319086.17,450231.11,1059.9375,4,214,1.0,0.0,1,2,First-Time Buyers
C0345,Individual,F,USA,New York,56,Home,Yes,Website,4,3,1339687.25,446562.4166666667,495847.14,1510.3766666666668,3,518,0.6666666666666666,0.3333333333333333,2,1,Luxury Investors
C0346,Individual,F,USA,California,62,Home,No,Agency,5,3,1174812.8599999999,391604.2866666666,492067.86,1271.67,3,426,1.0,0.0,2,2,Luxury Investors
C0347,Individual,M,USA,Washington,33,Home,Yes,Website,3,3,1378006.45,459335.48333333334,476814.14,1471.6200000000001,3,549,0.3333333333333333,0.6666666666666666,0,1,Global Investors
C0348,Individual,M,USA,Colorado,43,Investment,Yes,Agency,5,4,1482633.92,370658.48,571558.04,1246.7075,4,304,1.0,0.0,2,2,Luxury Investors
C0349,Individual,M,USA,Arizona,50,Home,Yes,Agency,2,3,1065745.84,355248.61333333334,536330.79,1124.5,3,578,0.6666666666666666,0.3333333333333333,0,1,Global Investors
C0350,Individual,M,USA,Arizona,33,Home,No,Agency,2,3,1066408.3,355469.43333333335,501574.06,1206.2733333333333,3,304,0.6666666666666666,0.3333333333333333,0,1,Global Investors
C0351,Individual,F,USA,Oregon,64,Home,No,Agency,5,4,1551113.76,387778.44,536210.24,1260.0625,4,304,0.75,0.25,2,1,Luxury Investors
C0352,Individual,F,USA,Nevada,48,Investment,No,Agency,3,3,1339830.04,446610.01333333337,563932.05,1447.82,3,184,1.0,0.0,2,2,Luxury Investors
C0353,Individual,F,USA,Arizona,61,Home,No,Agency,2,3,889855.16,296618.38666666666,348984.03,980.8699999999999,3,609,1.0,0.0,1,2,First-Time Buyers
C0354,Individual,F,USA,California,27,Home,No,Website,4,3,962196.6000000001,320732.2,401828.82,1059.1499999999999,3,274,0.6666666666666666,0.3333333333333333,0,1,Global Investors
C0355,Individual,M,Mexico,Baja California,74,Investment,No,Website,1,3,1029593.97,343197.99,371216.81,1273.45,3,395,1.0,0.0,1,2,First-Time Buyers
C0356,Individual,F,USA,Georgia,49,Home,No,Website,3,4,964351.9,241087.975,356415.65,816.16,4,610,1.0,0.0,1,0,First-Time Buyers
C0357,Individual,F,USA,California,37,Home,No,Website,3,3,970629.22,323543.0733333333,440318.57,1059.3466666666666,3,578,0.6666666666666666,0.3333333333333333,0,1,Global Investors
C0358,Individual,F,Australia,New South Wales,47,Home,Yes,Agency,3,3,1150919.74,383639.91333333333,448849.01,1240.6066666666666,3,153,0.6666666666666666,0.3333333333333333,0,1,Global Investors
C0359,Individual,F,USA,California,74,Investment,No,Agency,1,3,1098189.8900000001,366063.2966666667,504517.39,1308.5133333333333,3,518,1.0,0.0,1,2,First-Time Buyers
C0360,Individual,F,USA,Utah,77,Home,Yes,Agency,2,4,1978026.48,494506.62,563291.28,1676.3825,4,548,1.0,0.0,2,0,Luxury Investors
C0361,Individual,M,UK,England,67,Home,Yes,Website,1,4,1468372.25,367093.0625,471871.72,1222.5974999999999,4,61,0.75,0.25,0,0,Global Investors
C0362,Individual,F,USA,Utah,25,Home,No,Website,4,3,1129669.4,376556.4666666666,479711.66,1162.6166666666666,3,456,1.0,0.0,1,2,First-Time Buyers
C0363,Individual,F,USA,Utah,66,Investment,No,Client,2,4,1232301.44,308075.36,468524.95,929.6975,4,273,0.75,0.25,0,1,Global Investors
C0364,Individual,M,USA,Texas,81,Home,No,Website,2,4,1492505.18,373126.295,627189.08,1261.78,4,182,0.5,0.5,0,1,Global Investors
C0365,Individual,M,USA,Colorado,63,Investment,No,Agency,5,3,951259.9,317086.63333333336,435723.27,1164.9766666666667,3,304,1.0,0.0,1,2,First-Time Buyers
C0366,Individual,M,USA,California,42,Home,No,Website,4,3,1420135.32,473378.44,668066.43,1452.2633333333333,3,337,0.3333333333333333,0.6666666666666666,0,1,Global Investors
C0367,Individual,M,USA,California,61,Investment,No,Agency,4,4,1662617.88,415654.47,593682.12,1269.065,4,427,0.5,0.5,0,0,Global Investors
C0368,Individual,F,USA,California,33,Home,Yes,Agency,4,4,1494552.45,373638.1125,589380.74,1136.215,4,516,0.75,0.25,0,0,Global Investors
C0369,Individual,F,USA,Utah,71,Home,Yes,Agency,2,4,1586439.08,396609.77,604849.17,1333.5625,4,426,1.0,0.0,2,0,Luxury Investors
C0370,Individual,F,Russia,Krasnodar Krai,68,Home,No,Website,1,4,1613633.3900000001,403408.34750000003,552125.64,1334.8775,4,457,1.0,0.0,2,0,Luxury Investors
C0371,Individual,M,Belgium,Wallonia,55,Investment,No,Agency,3,3,827208.61,275736.2033333333,369988.32,842.68,3,184,0.6666666666666666,0.3333333333333333,0,1,Global Investors
C0372,Individual,F,Belgium,Flanders,73,Investment,No,Agency,1,3,1280128.06,426709.35333333333,541782.12,1361.7433333333333,3,579,1.0,0.0,2,2,Luxury Investors
C0373,Individual,F,USA,Georgia,32,Home,No,Agency,2,3,1047277.1799999999,349092.3933333333,512134.29,1160.5133333333333,3,151,0.6666666666666666,0.3333333333333333,0,1,Global Investors
C0374,Individual,F,Australia,New South Wales,32,Investment,Yes,Agency,4,4,916825.86,229206.465,272720.31,735.11,4,274,0.75,0.25,0,1,Global Investors
C0375,Individual,M,USA,California,57,Investment,No,Website,4,3,1178580.6400000001,392860.2133333334,463091.82,1224.68,3,245,0.6666666666666666,0.3333333333333333,0,1,Global Investors
C0376,Individual,F,USA,California,72,Home,No,Website,3,3,1182808.29,394269.43,474499.21,1361.7433333333333,3,92,0.6666666666666666,0.3333333333333333,0,1,Global Investors
C0377,Individual,M,USA,Washington,27,Home,No,Website,4,3,822780.32,274260.10666666663,319434.72,904.0466666666667,3,426,0.6666666666666666,0.3333333333333333,0,1,Global Investors
C0378,Individual,F,USA,California,68,Investment,Yes,Website,3,3,812387.51,270795.83666666667,349197.14,983.4266666666667,3,334,1.0,0.0,1,2,First-Time Buyers
C0379,Company,M,USA,California,48,Investment,Yes,Client,2,4,1254919.3599999999,313729.83999999997,415669.45,1115.505,4,516,0.75,0.25,0,3,Global Investors
C0380,Individual,F,USA,California,52,Home,Yes,Website,3,3,939708.87,313236.29,518564.66,1175.45,3,153,0.6666666666666666,0.3333333333333333,0,1,Global Investors
C0381,Individual,M,USA,California,64,Home,Yes,Agency,5,3,878913.19,292971.0633333333,315056.1,1188.2333333333333,3,548,1.0,0.0,1,2,First-Time Buyers
C0382,Individual,M,USA,California,50,Investment,Yes,Agency,1,3,980139.25,326713.0833333333,397171.33,980.8699999999999,3,92,0.6666666666666666,0.3333333333333333,0,1,Global Investors
C0383,Company,F,Mexico,Mexico City,40,Investment,No,Agency,3,4,968070.64,242017.66,454071.94,809.6575,4,579,1.0,0.0,1,3,First-Time Buyers
C0384,Individual,F,USA,California,81,Home,Yes,Website,3,3,1010761.74,336920.58,366344.49,1049.3799999999999,3,518,1.0,0.0,1,2,First-Time Buyers
C0385,Individual,M,UK,Northern Ireland,56,Investment,No,Website,4,3,1289646.4100000001,429882.1366666667,605784.18,1277.2733333333333,3,609,1.0,0.0,2,2,Luxury Investors
C0386,Individual,F,USA,Colorado,49,Home,No,Client,2,3,1633972.21,544657.4033333333,704058.44,1445.08,3,395,0.3333333333333333,0.6666666666666666,0,1,Global Investors
C0387,Individual,F,USA,California,51,Home,Yes,Website,2,4,1992983.55,498245.8875,575135.54,1555.2975000000001,4,518,1.0,0.0,2,0,Luxury Investors
C0388,Individual,M,USA,California,30,Home,No,Agency,4,3,961894.92,320631.64,395393.94,975.9433333333333,3,243,0.6666666666666666,0.3333333333333333,0,1,Global Investors
C0389,Individual,M,USA,Colorado,71,Home,No,Website,3,4,1261549.0899999999,315387.27249999996,439227.72,1119.0900000000001,4,396,0.5,0.5,0,1,Global Investors
C0390,Individual,M,Canada,Quebec,83,Investment,No,Website,2,4,1678762.0699999998,419690.51749999996,550273.32,1295.2649999999999,4,92,0.75,0.25,2,0,Luxury Investors
C0391,Individual,F,USA,California,59,Home,No,Agency,5,3,1035012.9099999999,345004.3033333333,502064.98,1064.4166666666667,3,213,1.0,0.0,1,2,First-Time Buyers
C0392,Individual,F,USA,Arizona,48,Home,Yes,Website,2,4,1015830.03,253957.5075,448959.32,922.6600000000001,4,488,1.0,0.0,1,2,First-Time Buyers
C0393,Individual,F,USA,Arizona,37,Home,No,Agency,4,4,1616556.78,404139.195,492421.76,1298.145,4,365,0.75,0.25,2,1,Luxury Investors
C0394,Individual,F,USA,Colorado,71,Home,Yes,Website,3,4,1258840.0,314710.0,600821.21,1041.8025,4,487,0.75,0.25,0,1,Global Investors
C0395,Individual,F,USA,Florida,66,Home,No,Website,1,3,1153134.48,384378.16,493489.81,1303.4733333333334,3,275,0.6666666666666666,0.3333333333333333,0,1,Global Investors
C0396,Individual,M,USA,Nevada,25,Home,No,Agency,5,4,1181447.25,295361.8125,414855.4,896.2524999999999,4,578,1.0,0.0,1,0,First-Time Buyers
C0397,Individual,F,USA,California,25,Home,No,Website,5,3,793543.27,264514.42333333334,299573.55,862.11,3,487,1.0,0.0,1,2,First-Time Buyers
C0398,Individual,F,USA,Texas,77,Home,Yes,Agency,1,4,1186693.85,296673.4625,416143.54,935.765,4,122,0.75,0.25,0,1,Global Investors
C0399,Individual,M,USA,California,41,Home,No,Agency,4,4,1229057.49,307264.3725,470140.59,1093.05,4,397,0.75,0.25,0,1,Global Investors
C0400,Individual,M,USA,California,66,Home,No,Agency,4,4,1360152.99,340038.2475,479620.3,1239.145,4,517,1.0,0.0,2,0,Luxury Investors
C0401,Individual,M,USA,Arizona,56,Home,Yes,Website,5,4,1020913.0700000001,255228.26750000002,338232.19,853.07,4,456,1.0,0.0,1,2,First-Time Buyers
C0402,Individual,F,USA,Georgia,84,Home,No,Website,5,3,1054166.95,351388.98333333334,419555.74,1102.8633333333335,3,608,1.0,0.0,1,2,First-Time Buyers
C0403,Individual,F,Australia,New South Wales,62,Home,No,Website,1,3,878792.98,292930.99333333335,430423.76,1060.9733333333334,3,91,0.6666666666666666,0.3333333333333333,0,1,Global Investors
C0404,Individual,F,France,Normandy,49,Investment,No,Client,1,3,731788.96,243929.65333333332,385857.81,753.3133333333334,3,518,1.0,0.0,1,2,First-Time Buyers
C0405,Company,M,USA,Colorado,56,Home,No,Agency,1,4,1310963.25,327740.8125,453518.72,1140.38,4,455,1.0,0.0,1,3,First-Time Buyers
C0406,Individual,F,USA,Colorado,65,Home,No,Website,3,4,1317165.12,329291.28,525171.0,1090.1925,4,306,0.75,0.25,0,1,Global Investors
C0407,Individual,F,USA,California,43,Home,No,Client,2,4,1254494.91,313623.7275,406850.28,1045.8025,4,244,1.0,0.0,1,0,First-Time Buyers
C0408,Individual,M,USA,California,48,Home,No,Website,3,3,1320497.01,440165.67,574122.16,1413.0600000000002,3,518,1.0,0.0,2,2,Luxury Investors
C0409,Individual,M,USA,Nevada,53,Home,Yes,Website,1,4,1816669.2,454167.3,599891.42,1449.3775,4,304,0.5,0.5,2,0,Luxury Investors
C0410,Individual,F,Russia,Saint Petersburg,43,Home,Yes,Agency,5,3,1021706.02,340568.67333333334,524175.54,1189.1899999999998,3,59,1.0,0.0,1,2,First-Time Buyers
C0411,Individual,F,USA,California,42,Home,No,Website,2,3,896987.21,298995.73666666663,475205.98,883.7466666666668,3,92,0.3333333333333333,0.6666666666666666,0,1,Global Investors
C0412,Individual,F,UK,Scotland,41,Home,No,Website,5,3,1100376.25,366792.0833333333,493587.18,1260.8366666666668,3,273,1.0,0.0,1,2,First-Time Buyers
C0413,Individual,M,Canada,British Columbia,85,Home,No,Website,3,4,1769126.22,442281.555,537806.31,1431.4575,4,335,1.0,0.0,2,0,Luxury Investors
C0414,Individual,M,USA,California,63,Home,No,Website,4,4,1412148.94,353037.235,518926.42,1144.74,4,518,0.75,0.25,0,1,Global Investors
C0415,Individual,F,USA,Nevada,45,Home,Yes,Agency,5,4,1305928.3499999999,326482.08749999997,503380.47,1093.05,4,151,1.0,0.0,1,2,First-Time Buyers
C0416,Company,M,Germany,North Rhine-Westphalia,44,Investment,Yes,Client,5,3,1059532.51,353177.50333333336,492952.77,1260.8366666666668,3,426,1.0,0.0,1,3,First-Time Buyers
C0417,Individual,M,USA,Utah,78,Home,No,Website,2,3,1354773.96,451591.32,583440.71,1471.8999999999999,3,92,1.0,0.0,2,2,Luxury Investors
C0418,Individual,M,USA,Arizona,29,Home,No,Agency,5,4,1629486.83,407371.7075,529967.66,1276.8225,4,335,1.0,0.0,2,0,Luxury Investors
C0419,Individual,M,USA,Washington,63,Home,Yes,Agency,3,4,1174012.19,293503.0475,419691.92,990.4475,4,335,0.75,0.25,0,1,Global Investors
C0420,Individual,F,USA,California,31,Home,No,Agency,5,3,1260096.1600000001,420032.0533333334,588644.89,1330.2166666666667,3,212,0.6666666666666666,0.3333333333333333,0,1,Global Investors
C0421,Individual,M,Germany,Hesse,50,Investment,Yes,Website,5,4,1495763.3699999999,373940.84249999997,585167.95,1203.905,4,579,1.0,0.0,2,2,Luxury Investors
C0422,Company,F,USA,California,52,Home,Yes,Client,1,4,1653171.62,413292.905,555693.16,1428.5749999999998,4,214,1.0,0.0,2,3,Luxury Investors
C0423,Individual,F,USA,California,75,Home,No,Client,1,3,1068716.19,356238.73,410950.81,1195.1966666666667,3,396,0.6666666666666666,0.3333333333333333,0,1,Global Investors
C0424,Individual,F,USA,Florida,27,Home,No,Website,1,3,1034036.3,344678.76666666666,521067.94,1107.81,3,153,1.0,0.0,1,2,First-Time Buyers
C0425,Individual,M,USA,Nevada,60,Home,No,Agency,2,3,1256932.48,418977.49333333335,560677.96,1452.2633333333333,3,276,1.0,0.0,2,2,Luxury Investors
C0426,Individual,F,USA,Oregon,72,Home,Yes,Client,4,3,890250.61,296750.2033333333,519106.96,874.19,3,487,1.0,0.0,1,2,First-Time Buyers
C0427,Individual,F,USA,California,31,Home,Yes,Website,4,4,1457016.31,364254.0775,563544.96,1216.595,4,517,1.0,0.0,2,0,Luxury Investors
C0428,Individual,F,USA,Oregon,63,Home,No,Agency,3,4,984451.32,246112.83,330914.17,838.2925,4,335,1.0,0.0,1,0,First-Time Buyers
C0429,Individual,F,USA,California,30,Home,Yes,Website,3,4,1503904.1600000001,375976.04000000004,573428.92,1374.585,4,670,0.75,0.25,2,0,Luxury Investors
C0430,Individual,M,USA,Nevada,51,Home,No,Agency,2,3,931141.96,310380.6533333333,413945.61,1033.1033333333332,3,426,0.6666666666666666,0.3333333333333333,0,1,Global Investors
C0431,Individual,M,USA,California,56,Home,Yes,Website,5,4,1544751.33,386187.8325,562089.63,1246.6175,4,456,1.0,0.0,2,0,Luxury Investors
C0432,Company,M,USA,California,30,Home,No,Agency,5,4,1277850.15,319462.5375,500722.63,1025.1499999999999,4,365,1.0,0.0,1,3,First-Time Buyers
C0433,Individual,F,USA,California,56,Investment,Yes,Website,2,4,1937061.37,484265.3425,656465.4,1591.4724999999999,4,427,1.0,0.0,2,0,Luxury Investors
C0434,Individual,F,Russia,Tatarstan,61,Home,No,Website,5,3,1364889.24,454963.08,603903.4,1445.5566666666666,3,457,1.0,0.0,2,2,Luxury Investors
C0435,Individual,F,Australia,New South Wales,59,Home,Yes,Website,5,3,908970.34,302990.11333333334,382435.3,1077.3233333333335,3,245,1.0,0.0,1,2,First-Time Buyers
C0436,Individual,M,USA,Colorado,53,Home,Yes,Client,2,4,1327594.64,331898.66,479775.72,1064.2625,4,425,1.0,0.0,1,2,First-Time Buyers
C0437,Individual,F,USA,Texas,35,Home,No,Website,1,3,657032.8200000001,219010.94000000003,353361.5,801.46,3,213,1.0,0.0,1,2,First-Time Buyers
C0438,Individual,M,USA,Georgia,43,Investment,Yes,Client,1,4,1458641.1,364660.275,517610.73,1261.78,4,365,1.0,0.0,2,2,Luxury Investors
C0439,Individual,M,USA,Virginia,69,Home,No,Agency,2,3,1273328.62,424442.87333333335,547817.26,1422.97,3,29,0.6666666666666666,0.3333333333333333,2,1,Luxury Investors
C0440,Individual,M,USA,California,65,Investment,No,Agency,1,3,703498.83,234499.61,311878.98,845.8633333333333,3,304,1.0,0.0,1,2,First-Time Buyers
C0441,Individual,F,Russia,Krasnodar Krai,45,Investment,No,Agency,1,4,1525849.55,381462.3875,616227.01,1239.2649999999999,4,608,0.75,0.25,2,0,Luxury Investors
C0442,Individual,F,USA,Colorado,50,Home,Yes,Website,3,4,1707466.97,426866.7425,520127.02,1489.73,4,397,1.0,0.0,2,0,Luxury Investors
C0443,Individual,M,Denmark,Capital Region,75,Home,Yes,Agency,1,3,1355839.1,451946.3666666667,555912.87,1527.8633333333335,3,122,1.0,0.0,2,2,Luxury Investors
C0444,Individual,F,USA,California,84,Home,No,Website,2,4,1054514.54,263628.635,399974.1,943.97,4,426,0.75,0.25,0,1,Global Investors
C0445,Individual,F,USA,California,30,Home,Yes,Website,2,4,1425691.63,356422.9075,518136.39,1101.9875,4,547,0.75,0.25,0,1,Global Investors
C0446,Individual,M,USA,Colorado,70,Home,No,Website,2,3,1024655.04,341551.68,426208.52,1258.6899999999998,3,335,0.6666666666666666,0.3333333333333333,0,1,Global Investors
C0447,Individual,F,USA,New York,69,Home,No,Website,2,3,1543592.15,514530.7166666666,605190.49,1680.5266666666666,3,518,0.6666666666666666,0.3333333333333333,2,1,Luxury Investors
C0448,Individual,M,USA,Nevada,45,Investment,No,Agency,2,3,942066.48,314022.16,458054.04,1050.08,3,335,1.0,0.0,1,2,First-Time Buyers
C0449,Individual,M,USA,Oregon,53,Investment,No,Agency,2,3,1418922.44,472974.14666666667,594018.07,1504.28,3,396,0.3333333333333333,0.6666666666666666,0,1,Global Investors
C0450,Individual,M,Mexico,Nuevo Leon,33,Home,No,Website,3,4,1555297.3699999999,388824.34249999997,473301.04,1258.5825,4,214,1.0,0.0,2,0,Luxury Investors
C0451,Individual,M,Canada,Alberta,40,Investment,Yes,Client,5,4,1665967.4100000001,416491.85250000004,526063.15,1339.695,4,242,0.75,0.25,2,0,Luxury Investors
C0452,Individual,M,USA,Washington,58,Home,No,Website,3,4,1398358.69,349589.6725,515843.73,1086.2275,4,396,1.0,0.0,1,0,First-Time Buyers
C0453,Individual,M,UK,Scotland,32,Investment,No,Website,1,4,1321010.76,330252.69,587960.16,1103.3025,4,395,1.0,0.0,1,2,First-Time Buyers
C0454,Company,F,USA,Nevada,64,Investment,No,Agency,4,3,980683.73,326894.57666666666,522599.89,1072.4833333333333,3,305,1.0,0.0,1,3,First-Time Buyers
C0455,Individual,F,USA,California,62,Home,No,Agency,1,4,1125726.62,281431.655,477256.95,838.2925,4,456,1.0,0.0,1,0,First-Time Buyers
C0456,Individual,F,USA,Oregon,30,Home,Yes,Website,3,3,1349210.55,449736.85000000003,521158.55,1448.82,3,518,1.0,0.0,2,2,Luxury Investors
C0457,Individual,M,UK,Wales,45,Investment,No,Agency,1,3,1399940.21,466646.73666666663,596228.96,1457.8333333333333,3,304,1.0,0.0,2,2,Luxury Investors
C0458,Individual,M,USA,Oregon,30,Investment,No,Agency,1,4,1382881.81,345720.4525,503414.2,1123.3175,4,488,0.75,0.25,0,0,Global Investors
C0459,Individual,M,USA,California,70,Home,No,Agency,3,3,821716.14,273905.38,368466.6,945.65,3,275,0.6666666666666666,0.3333333333333333,0,1,Global Investors
C0460,Individual,F,USA,Virginia,33,Home,No,Website,1,3,1061349.03,353783.01,484806.07,1078.7866666666666,3,334,0.6666666666666666,0.3333333333333333,0,1,Global Investors
C0461,Individual,M,USA,Arizona,65,Home,No,Agency,1,3,986630.39,328876.7966666667,473479.09,1157.47,3,425,0.6666666666666666,0.3333333333333333,0,1,Global Investors
C0462,Individual,M,Australia,Victoria,82,Home,No,Agency,2,4,1606667.68,401666.92,630993.32,1316.0375,4,212,1.0,0.0,2,0,Luxury Investors
C0463,Individual,M,USA,California,55,Home,No,Client,5,4,1235094.73,308773.6825,456678.02,989.46,4,153,0.75,0.25,0,1,Global Investors
C0464,Individual,M,USA,Florida,51,Home,No,Website,5,4,1455550.0,363887.5,462200.84,1276.8225,4,304,0.75,0.25,2,1,Luxury Investors
C0465,Individual,M,USA,California,76,Home,No,Website,3,3,707799.9199999999,235933.30666666664,344983.8,839.1433333333334,3,669,1.0,0.0,1,2,First-Time Buyers
C0466,Individual,F,USA,Virginia,37,Investment,No,Website,2,4,1228651.21,307162.8025,446810.74,1030.21,4,670,0.75,0.25,0,1,Global Investors
C0467,Individual,F,USA,Ohio,73,Home,Yes,Agency,1,3,976066.93,325355.64333333337,433348.26,1155.6966666666667,3,365,1.0,0.0,1,2,First-Time Buyers
C0468,Individual,M,Mexico,Jalisco,73,Investment,Yes,Website,3,3,1267396.7999999998,422465.5999999999,511655.42,1386.32,3,213,0.6666666666666666,0.3333333333333333,0,1,Global Investors
C0469,Individual,M,USA,California,28,Home,No,Website,2,4,1518476.47,379619.1175,502622.02,1265.3825,4,243,1.0,0.0,2,0,Luxury Investors
C0470,Individual,F,USA,Oregon,62,Home,No,Agency,1,3,862552.54,287517.51333333337,497090.51,883.7466666666666,3,214,1.0,0.0,1,2,First-Time Buyers
C0471,Individual,M,USA,Utah,41,Investment,No,Agency,3,3,1084997.39,361665.79666666663,513906.66,1209.64,3,274,0.3333333333333333,0.6666666666666666,0,1,Global Investors
C0472,Individual,M,USA,California,74,Home,No,Website,4,3,1277486.3699999999,425828.79,529761.19,1394.21,3,396,1.0,0.0,2,2,Luxury Investors
C0473,Individual,F,USA,California,44,Home,No,Agency,3,4,1304527.6600000001,326131.91500000004,518735.4,1042.725,4,334,1.0,0.0,1,0,First-Time Buyers
C0474,Individual,M,USA,Nevada,30,Home,No,Website,1,4,962015.29,240503.8225,413387.67,824.2025,4,579,0.75,0.25,0,1,Global Investors
C0475,Individual,M,Belgium,Wallonia,79,Investment,Yes,Agency,2,3,1234470.16,411490.0533333333,455542.16,1371.6133333333335,3,92,0.3333333333333333,0.6666666666666666,0,1,Global Investors
C0476,Individual,M,USA,Florida,28,Home,No,Agency,3,4,1485303.01,371325.7525,457069.23,1299.3675,4,426,0.75,0.25,2,1,Luxury Investors
C0477,Individual,M,USA,California,41,Investment,Yes,Website,4,3,1535114.88,511704.95999999996,734390.86,1452.2633333333333,3,426,0.6666666666666666,0.3333333333333333,2,1,Luxury Investors
C0478,Individual,F,USA,Ohio,85,Investment,No,Website,4,3,774892.79,258297.59666666668,404581.32,997.4133333333333,3,243,0.6666666666666666,0.3333333333333333,0,1,Global Investors
C0479,Individual,F,USA,California,47,Home,Yes,Agency,2,4,1172782.93,293195.7325,494567.75,956.6725,4,456,0.75,0.25,0,1,Global Investors
C0480,Individual,M,USA,California,51,Home,Yes,Website,4,4,1033261.03,258315.2575,347137.85,827.2,4,516,1.0,0.0,1,2,First-Time Buyers
C0481,Individual,M,USA,Arizona,49,Home,No,Agency,3,4,1365460.24,341365.06,539294.72,1040.8899999999999,4,518,0.75,0.25,0,1,Global Investors
C0482,Individual,F,USA,New York,45,Investment,Yes,Agency,3,3,1006132.77,335377.59,421206.38,1155.4633333333334,3,395,0.6666666666666666,0.3333333333333333,0,1,Global Investors
C0483,Individual,M,USA,Arizona,40,Investment,No,Website,1,3,881113.79,293704.5966666667,415468.55,934.8733333333333,3,306,1.0,0.0,1,2,First-Time Buyers
C0484,Individual,F,USA,Texas,36,Investment,No,Website,3,4,1313240.67,328310.1675,412809.69,1114.105,4,456,0.75,0.25,0,0,Global Investors
C0485,Individual,F,USA,Arizona,34,Home,No,Website,2,3,1000841.1799999999,333613.7266666666,603778.82,1144.8033333333333,3,243,1.0,0.0,1,2,First-Time Buyers
C0486,Individual,M,USA,California,26,Investment,Yes,Website,2,3,1090587.66,363529.22,599081.0,1175.45,3,395,1.0,0.0,1,2,First-Time Buyers
C0487,Individual,F,USA,Washington,34,Home,No,Website,5,4,1576272.71,394068.1775,542265.03,1295.0975,4,334,0.75,0.25,2,1,Luxury Investors
C0488,Individual,F,USA,California,46,Investment,No,Agency,4,4,1218265.3599999999,304566.33999999997,559367.69,990.9875000000001,4,275,0.75,0.25,0,1,Global Investors
C0489,Individual,M,Germany,Berlin,75,Investment,No,Website,2,3,1025274.77,341758.25666666665,439792.36,1102.8633333333335,3,31,1.0,0.0,1,2,First-Time Buyers
C0490,Individual,F,USA,Nevada,71,Investment,Yes,Website,5,3,1292367.93,430789.31,517225.72,1240.6066666666666,3,670,1.0,0.0,2,2,Luxury Investors
C0491,Individual,M,USA,Washington,84,Home,No,Website,2,3,1106379.8,368793.26666666666,527792.52,1168.3833333333334,3,244,1.0,0.0,1,2,First-Time Buyers
C0492,Individual,M,USA,Utah,25,Home,Yes,Website,3,4,1300917.1,325229.275,551610.52,1008.6625,4,122,1.0,0.0,1,2,First-Time Buyers
C0493,Individual,M,USA,Colorado,71,Home,No,Website,3,4,1312198.98,328049.745,432134.46,1141.225,4,456,0.75,0.25,0,1,Global Investors
C0494,Individual,F,USA,California,35,Home,Yes,Website,3,4,1052676.65,263169.1625,379142.42,911.0425,4,609,1.0,0.0,1,2,First-Time Buyers
C0495,Individual,M,USA,California,71,Investment,No,Client,5,4,1246742.44,311685.61,420300.71,984.9525,4,700,1.0,0.0,1,2,First-Time Buyers
C0496,Individual,M,USA,California,35,Home,No,Agency,4,4,1120376.44,280094.11,352076.14,947.7475000000001,4,334,1.0,0.0,1,0,First-Time Buyers
C0497,Individual,F,USA,Arizona,40,Investment,Yes,Website,4,3,1330684.99,443561.66333333333,526810.49,1438.2933333333333,3,396,0.6666666666666666,0.3333333333333333,2,1,Luxury Investors
C0498,Individual,F,Canada,Alberta,77,Home,Yes,Website,2,3,1007455.29,335818.43,419982.23,1258.3999999999999,3,275,0.6666666666666666,0.3333333333333333,0,1,Global Investors
C0499,Individual,F,USA,Colorado,79,Home,Yes,Agency,3,3,897769.81,299256.60333333333,383627.2,863.7633333333333,3,366,0.6666666666666666,0.3333333333333333,0,1,Global Investors
C0500,Individual,M,USA,California,48,Home,Yes,Website,4,3,1294944.52,431648.17333333334,476123.08,1438.2933333333333,3,122,0.6666666666666666,0.3333333333333333,2,1,Luxury Investors
C0501,Individual,M,USA,Nevada,30,Investment,Yes,Agency,5,4,1741166.27,435291.5675,545614.44,1454.35,4,486,0.75,0.25,2,0,Luxury Investors
C0502,Individual,F,USA,Arizona,59,Home,No,Website,4,4,1537989.75,384497.4375,483760.31,1324.385,4,578,0.5,0.5,0,1,Global Investors
C0503,Individual,M,USA,Utah,82,Investment,Yes,Client,2,4,1432167.34,358041.835,609798.92,1135.53,4,549,0.75,0.25,0,1,Global Investors
C0504,Individual,M,USA,Utah,33,Home,No,Website,2,4,1367188.58,341797.145,463948.75,1108.6075,4,609,1.0,0.0,1,0,First-Time Buyers
C0505,Individual,F,USA,Arizona,30,Home,No,Agency,3,3,1043535.21,347845.07,462127.71,1125.17,3,213,1.0,0.0,1,2,First-Time Buyers
C0506,Individual,M,USA,California,58,Home,No,Agency,5,3,1122203.03,374067.6766666667,461159.55,1267.4066666666668,3,426,0.6666666666666666,0.3333333333333333,0,1,Global Investors
C0507,Individual,M,USA,New York,74,Home,No,Website,3,3,1062656.6099999999,354218.86999999994,474018.4,1221.3833333333334,3,426,1.0,0.0,1,2,First-Time Buyers
C0508,Individual,F,USA,Nevada,55,Home,No,Agency,5,3,833710.06,277903.35333333333,463860.46,900.6166666666667,3,214,0.6666666666666666,0.3333333333333333,0,1,Global Investors
C0509,Individual,M,Belgium,Wallonia,69,Home,No,Website,3,4,1687930.25,421982.5625,636508.92,1333.2775000000001,4,92,0.75,0.25,2,0,Luxury Investors
C0510,Individual,F,France,Brittany,78,Investment,Yes,Website,1,3,1094232.67,364744.2233333333,504493.45,1243.8233333333333,3,426,1.0,0.0,1,2,First-Time Buyers
C0511,Individual,F,UK,England,71,Home,No,Website,2,3,1090537.6,363512.5333333334,505829.95,1179.5233333333333,3,212,0.3333333333333333,0.6666666666666666,0,1,Global Investors
C0512,Individual,F,USA,Arizona,80,Home,No,Client,1,3,1448158.1400000001,482719.38000000006,558618.92,1654.4733333333334,3,579,1.0,0.0,2,2,Luxury Investors
C0513,Individual,M,USA,Florida,26,Home,Yes,Agency,2,3,974596.63,324865.54333333333,491938.8,1049.5133333333333,3,214,1.0,0.0,1,2,First-Time Buyers
C0514,Individual,F,USA,Oregon,48,Home,Yes,Website,1,4,1528027.54,382006.885,598032.14,1316.0375,4,365,0.5,0.5,0,0,Global Investors
C0515,Individual,F,USA,California,62,Home,Yes,Website,1,4,1561824.93,390456.2325,486501.61,1342.7925,4,426,1.0,0.0,2,0,Luxury Investors
C0516,Individual,M,USA,Utah,79,Home,No,Website,3,4,1437837.49,359459.3725,501892.72,1196.8899999999999,4,214,0.75,0.25,0,0,Global Investors
C0517,Individual,M,USA,California,66,Home,No,Client,5,4,1115807.0,278951.75,413330.24,939.4875,4,518,1.0,0.0,1,0,First-Time Buyers
C0518,Company,F,USA,New York,63,Home,No,Website,3,4,1633111.65,408277.9125,657039.24,1196.9724999999999,4,365,1.0,0.0,2,3,Luxury Investors
C0519,Individual,F,USA,Arizona,50,Investment,No,Agency,3,3,981719.26,327239.75333333336,436603.35,1108.9966666666667,3,212,1.0,0.0,1,2,First-Time Buyers
C0520,Individual,F,USA,Oregon,55,Home,Yes,Agency,3,3,1033523.16,344507.72000000003,454823.84,1108.9966666666667,3,639,1.0,0.0,1,2,First-Time Buyers
C0521,Individual,F,Canada,British Columbia,58,Home,No,Website,3,4,1074306.5,268576.625,428385.38,872.6800000000001,4,396,1.0,0.0,1,0,First-Time Buyers
C0522,Individual,F,USA,Virginia,83,Home,No,Agency,5,3,993023.13,331007.71,365717.82,1240.6066666666666,3,487,0.6666666666666666,0.3333333333333333,0,1,Global Investors
C0523,Individual,F,USA,Colorado,65,Home,No,Agency,2,3,928962.95,309654.31666666665,458362.92,1058.6633333333332,3,395,0.3333333333333333,0.6666666666666666,0,1,Global Investors
C0524,Individual,M,USA,Washington,72,Home,No,Website,3,3,801104.6900000001,267034.89666666667,372739.71,897.3100000000001,3,304,1.0,0.0,1,2,First-Time Buyers
C0525,Individual,M,USA,Arizona,75,Home,Yes,Agency,4,4,1629457.52,407364.38,528447.33,1299.3274999999999,4,609,0.75,0.25,2,0,Luxury Investors
C0526,Individual,M,Germany,Bavaria,57,Home,No,Website,5,3,1301139.77,433713.25666666665,578194.07,1592.1233333333332,3,518,0.6666666666666666,0.3333333333333333,2,1,Luxury Investors
C0527,Individual,M,USA,California,46,Home,No,Website,2,3,1138099.7,379366.56666666665,544170.95,1299.5366666666666,3,183,1.0,0.0,2,2,Luxury Investors
C0528,Individual,M,USA,Washington,25,Investment,No,Client,2,3,1118472.87,372824.29000000004,518036.13,1206.2733333333333,3,122,0.6666666666666666,0.3333333333333333,0,1,Global Investors
C0529,Individual,M,USA,Nevada,52,Home,Yes,Website,4,4,1268138.95,317034.7375,420874.11,1098.1675,4,517,1.0,0.0,1,0,First-Time Buyers
C0530,Individual,F,USA,Utah,73,Home,Yes,Agency,2,4,1559124.69,389781.1725,579567.49,1246.7075,4,516,1.0,0.0,2,0,Luxury Investors
C0531,Individual,F,USA,California,49,Home,No,Website,1,4,1911300.7799999998,477825.19499999995,580528.21,1510.65,4,457,1.0,0.0,2,0,Luxury Investors
C0532,Individual,F,Belgium,Flanders,46,Home,No,Website,2,4,1075202.77,268800.6925,411253.4,990.9875000000001,4,335,0.75,0.25,0,1,Global Investors
C0533,Individual,M,USA,Nevada,62,Investment,No,Agency,1,4,990028.19,247507.0475,438895.96,787.46,4,578,0.75,0.25,0,1,Global Investors
C0534,Individual,M,USA,California,67,Investment,No,Agency,1,3,1133195.2,377731.73333333334,406001.38,1371.6133333333335,3,244,0.6666666666666666,0.3333333333333333,0,1,Global Investors
C0535,Individual,F,UK,Wales,38,Home,No,Agency,3,3,1299053.94,433017.98,494969.3,1386.32,3,456,1.0,0.0,2,2,Luxury Investors
C0536,Individual,F,USA,Arizona,69,Investment,Yes,Website,5,3,983106.8400000001,327702.28,512156.34,1104.51,3,365,0.6666666666666666,0.3333333333333333,0,1,Global Investors
C0537,Individual,M,USA,Florida,63,Home,No,Client,2,4,1490327.5,372581.875,595842.66,1239.145,4,518,0.5,0.5,0,1,Global Investors
C0538,Individual,M,USA,California,56,Home,Yes,Agency,1,4,1206897.7000000002,301724.42500000005,464389.02,1103.3225,4,427,0.75,0.25,0,1,Global Investors
C0539,Individual,M,USA,California,34,Investment,Yes,Agency,1,4,1645321.2,411330.3,493737.03,1338.8999999999999,4,518,0.75,0.25,2,0,Luxury Investors
C0540,Individual,F,USA,New York,28,Home,No,Agency,3,3,494173.31,164724.43666666668,193265.77,577.2433333333333,3,549,0.6666666666666666,0.3333333333333333,0,1,Global Investors
C0541,Individual,M,UK,Northern Ireland,25,Home,No,Agency,3,4,1721673.54,430418.385,566466.92,1296.5625,4,365,1.0,0.0,2,0,Luxury Investors
C0542,Company,M,Mexico,Mexico City,40,Home,No,Website,3,4,1195819.4,298954.85,385011.74,1024.3375,4,609,0.5,0.5,0,3,Global Investors
C0543,Individual,F,USA,Texas,78,Home,Yes,Website,2,3,753145.67,251048.55666666667,350655.95,862.8699999999999,3,243,0.6666666666666666,0.3333333333333333,0,1,Global Investors
C0544,Individual,M,USA,Utah,51,Home,No,Website,2,4,1636756.28,409189.07,504689.77,1326.2525,4,365,1.0,0.0,2,0,Luxury Investors
C0545,Individual,M,USA,Colorado,83,Home,Yes,Agency,1,3,1260126.39,420042.12999999995,532459.61,1452.2633333333333,3,335,1.0,0.0,2,2,Luxury Investors
C0546,Individual,M,Canada,Manitoba,58,Home,No,Client,4,3,795528.06,265176.02,306339.37,932.37,3,486,1.0,0.0,1,2,First-Time Buyers
C0547,Individual,F,USA,California,78,Investment,No,Agency,2,4,1178457.95,294614.4875,388928.18,1028.3225,4,518,1.0,0.0,1,2,First-Time Buyers
C0548,Individual,M,USA,California,45,Home,No,Agency,2,3,1047476.9299999999,349158.9766666666,515231.68,1186.4366666666667,3,182,0.6666666666666666,0.3333333333333333,0,1,Global Investors
C0549,Individual,M,USA,Florida,53,Home,No,Website,4,3,941219.76,313739.92,386941.83,1082.75,3,426,1.0,0.0,1,2,First-Time Buyers
C0550,Company,F,USA,Nevada,58,Home,No,Agency,1,4,1414568.09,353642.0225,445954.78,1123.6174999999998,4,92,1.0,0.0,1,3,First-Time Buyers
C0551,Individual,M,USA,California,65,Investment,No,Website,4,3,1007397.56,335799.1866666667,543106.45,1110.6233333333332,3,334,1.0,0.0,1,2,First-Time Buyers
C0552,Individual,M,USA,Virginia,60,Investment,No,Agency,3,3,1141476.56,380492.1866666667,546573.79,1196.1733333333334,3,609,0.6666666666666666,0.3333333333333333,0,1,Global Investors
C0553,Individual,M,USA,Arizona,47,Home,No,Website,3,3,821534.9400000001,273844.98000000004,375810.64,897.3100000000001,3,273,0.6666666666666666,0.3333333333333333,0,1,Global Investors
C0554,Individual,M,Australia,Victoria,77,Home,Yes,Agency,1,4,1643592.85,410898.2125,533306.66,1295.2649999999999,4,365,0.75,0.25,2,0,Luxury Investors
C0555,Individual,M,USA,California,54,Investment,Yes,Agency,4,3,1064533.27,354844.42333333334,507714.49,1162.6166666666666,3,273,0.6666666666666666,0.3333333333333333,0,1,Global Investors
C0556,Individual,M,USA,Colorado,67,Home,No,Website,5,3,1335478.18,445159.3933333333,508776.17,1526.9566666666667,3,579,0.6666666666666666,0.3333333333333333,2,1,Luxury Investors
C0557,Individual,F,USA,Utah,84,Investment,No,Website,2,3,733161.98,244387.32666666666,384719.5,791.0400000000001,3,669,1.0,0.0,1,2,First-Time Buyers
C0558,Individual,F,Denmark,North Denmark,51,Home,No,Website,3,3,1033995.96,344665.32,492997.29,1092.54,3,335,1.0,0.0,1,2,First-Time Buyers
C0559,Company,M,USA,California,56,Home,No,Client,5,4,1004028.87,251007.2175,438095.92,786.87,4,549,0.75,0.25,0,3,Global Investors
C0560,Individual,F,Australia,South Australia,37,Home,No,Website,3,3,1433718.12,477906.04000000004,575175.8,1500.72,3,670,0.6666666666666666,0.3333333333333333,2,1,Luxury Investors
C0561,Company,F,USA,Arizona,63,Investment,No,Website,3,4,1589252.43,397313.1075,503687.91,1298.145,4,214,1.0,0.0,2,3,Luxury Investors
C0562,Individual,F,USA,Utah,85,Investment,Yes,Website,5,4,1423675.7200000002,355918.93000000005,604532.8,1154.105,4,547,1.0,0.0,2,2,Luxury Investors
C0563,Individual,M,USA,California,34,Home,Yes,Agency,2,4,1012807.9299999999,253201.98249999998,301398.29,842.75,4,242,0.75,0.25,0,1,Global Investors
C0564,Individual,M,USA,Texas,73,Home,No,Agency,1,3,1135017.6,378339.2,600992.42,1250.3066666666666,3,334,1.0,0.0,1,2,First-Time Buyers
C0565,Individual,M,France,Brittany,40,Home,No,Website,1,3,1043494.3200000001,347831.44,545741.02,1167.2766666666666,3,365,1.0,0.0,1,2,First-Time Buyers
C0566,Individual,F,USA,Oregon,25,Investment,Yes,Agency,4,4,1167701.9,291925.475,575087.19,965.295,4,518,1.0,0.0,1,2,First-Time Buyers
C0567,Individual,F,Russia,Saint Petersburg,72,Investment,Yes,Agency,2,4,1869286.1,467321.525,650710.38,1546.3875,4,548,0.75,0.25,2,0,Luxury Investors
C0568,Individual,M,USA,California,72,Home,No,Website,3,3,944335.88,314778.62666666665,449151.55,1015.9399999999999,3,244,0.3333333333333333,0.6666666666666666,0,1,Global Investors
C0569,Individual,F,USA,California,54,Home,Yes,Client,5,3,1384749.3,461583.10000000003,522654.07,1460.493333333333,3,639,1.0,0.0,2,2,Luxury Investors
C0570,Individual,F,France,Occitanie,60,Home,Yes,Website,5,4,1527210.47,381802.6175,526682.25,1310.8225,4,152,1.0,0.0,2,0,Luxury Investors
C0571,Individual,M,USA,California,59,Home,No,Website,3,4,1549969.49,387492.3725,419927.79,1458.93,4,121,0.75,0.25,2,0,Luxury Investors
C0572,Individual,F,USA,California,32,Investment,No,Website,5,4,1519677.44,379919.36,450012.44,1228.8325,4,396,1.0,0.0,2,2,Luxury Investors
C0573,Company,M,USA,Georgia,48,Home,Yes,Agency,4,3,785842.76,261947.58666666667,427006.84,849.7466666666668,3,245,1.0,0.0,1,3,First-Time Buyers
C0574,Individual,M,USA,California,57,Home,No,Agency,2,4,1261906.32,315476.58,523216.37,1052.2475,4,396,0.75,0.25,0,1,Global Investors
C0575,Individual,M,USA,California,59,Investment,No,Website,2,3,1018391.27,339463.75666666665,506852.64,1107.81,3,335,0.6666666666666666,0.3333333333333333,0,1,Global Investors
C0576,Individual,M,Germany,Hamburg,66,Home,No,Client,1,3,1047406.79,349135.5966666667,516482.69,1082.8966666666668,3,183,1.0,0.0,1,2,First-Time Buyers
C0577,Individual,M,USA,Arizona,36,Home,No,Website,3,3,693899.0099999999,231299.66999999995,279379.41,879.3433333333332,3,455,1.0,0.0,1,2,First-Time Buyers
C0578,Individual,F,USA,Arizona,26,Home,Yes,Client,5,3,707276.53,235758.84333333335,266964.5,899.7566666666667,3,215,1.0,0.0,1,2,First-Time Buyers
C0579,Individual,M,USA,Texas,84,Investment,No,Website,3,3,1198428.6400000001,399476.2133333334,592851.63,1299.5366666666666,3,518,1.0,0.0,2,2,Luxury Investors
C0580,Individual,F,USA,California,77,Home,Yes,Client,2,4,2158954.7800000003,539738.6950000001,620192.42,1726.0575,4,639,1.0,0.0,2,0,Luxury Investors
C0581,Individual,F,USA,California,68,Investment,Yes,Website,5,4,1029755.56,257438.89,371216.71,801.065,4,184,0.75,0.25,0,1,Global Investors
C0582,Individual,F,USA,Washington,85,Investment,Yes,Website,3,3,708559.1499999999,236186.3833333333,387349.97,791.0400000000001,3,548,0.6666666666666666,0.3333333333333333,0,1,Global Investors
C0583,Individual,M,USA,California,39,Home,No,Agency,2,4,1237228.18,309307.045,390024.91,996.7025,4,669,1.0,0.0,1,0,First-Time Buyers
C0584,Individual,F,USA,California,43,Home,No,Website,5,3,1135691.62,378563.87333333335,501136.87,1350.9733333333334,3,212,1.0,0.0,2,2,Luxury Investors
C0585,Individual,M,USA,Colorado,64,Home,No,Agency,3,4,1003690.1799999999,250922.54499999998,298657.8,886.4275,4,639,0.75,0.25,0,1,Global Investors
C0586,Individual,M,USA,California,48,Home,Yes,Client,2,3,1226524.31,408841.4366666667,553899.49,1286.4266666666667,3,395,1.0,0.0,2,2,Luxury Investors
C0587,Individual,F,USA,New York,33,Home,No,Website,4,4,1093439.8399999999,273359.95999999996,386382.22,911.785,4,273,1.0,0.0,1,0,First-Time Buyers
C0588,Individual,F,USA,Florida,36,Home,No,Website,2,4,1495976.1400000001,373994.03500000003,529783.19,1271.345,4,547,1.0,0.0,2,0,Luxury Investors
C0589,Individual,M,USA,Texas,79,Investment,No,Client,5,4,1982246.22,495561.555,539246.07,1699.3675,4,578,0.75,0.25,2,0,Luxury Investors
C0590,Individual,M,UK,Scotland,59,Investment,No,Website,2,4,1105388.8900000001,276347.22250000003,364484.54,935.765,4,516,1.0,0.0,1,2,First-Time Buyers
C0591,Individual,F,USA,Nevada,57,Home,No,Website,1,3,1336217.65,445405.8833333333,473238.41,1460.493333333333,3,337,1.0,0.0,2,2,Luxury Investors
C0592,Individual,M,USA,Arizona,53,Investment,No,Client,2,3,787516.58,262505.5266666667,353140.87,851.4266666666667,3,304,1.0,0.0,1,2,First-Time Buyers
C0593,Individual,F,USA,California,73,Home,Yes,Agency,2,4,2012063.38,503015.845,578707.72,1575.1075,4,122,1.0,0.0,2,0,Luxury Investors
C0594,Individual,F,USA,Utah,83,Home,No,Agency,1,3,1137572.87,379190.9566666667,501939.76,1221.6766666666665,3,578,1.0,0.0,1,2,First-Time Buyers
C0595,Individual,F,USA,Utah,59,Home,No,Agency,3,3,914304.97,304768.3233333333,491381.22,934.4333333333334,3,304,0.6666666666666666,0.3333333333333333,0,1,Global Investors
C0596,Individual,M,USA,Nevada,49,Home,No,Agency,4,4,1094771.49,273692.8725,349555.66,1023.9675,4,275,0.75,0.25,0,1,Global Investors
C0597,Individual,M,UK,Northern Ireland,39,Home,Yes,Website,2,3,976844.1699999999,325614.7233333333,336562.17,1033.6200000000001,3,426,1.0,0.0,1,2,First-Time Buyers
C0598,Individual,M,USA,Colorado,76,Investment,No,Website,4,4,1398930.7000000002,349732.67500000005,578866.18,1135.53,4,303,1.0,0.0,1,2,First-Time Buyers
C0599,Individual,F,Canada,Alberta,27,Home,No,Agency,2,3,1162815.78,387605.26,519841.25,1354.0866666666668,3,426,1.0,0.0,2,2,Luxury Investors
C0600,Individual,M,USA,Oregon,41,Investment,No,Client,1,3,917709.61,305903.2033333333,331613.25,1042.71,3,183,1.0,0.0,1,2,First-Time Buyers
C0601,Individual,F,USA,California,53,Home,No,Website,4,4,1700411.72,425102.93,608461.19,1307.3,4,487,1.0,0.0,2,0,Luxury Investors
C0602,Individual,M,Germany,Bavaria,41,Home,No,Agency,4,4,905508.82,226377.205,319887.69,748.33,4,579,0.75,0.25,0,1,Global Investors
C0603,Individual,F,USA,New York,31,Home,Yes,Agency,4,4,1218095.3,304523.825,402393.19,1027.81,4,153,1.0,0.0,1,2,First-Time Buyers
C0604,Individual,F,Belgium,Wallonia,27,Home,No,Agency,1,3,791133.03,263711.01,427718.82,919.0466666666666,3,547,0.6666666666666666,0.3333333333333333,0,1,Global Investors
C0605,Individual,M,USA,Utah,51,Home,Yes,Agency,4,4,1407314.33,351828.5825,470883.03,1267.07,4,335,0.75,0.25,0,0,Global Investors
C0606,Individual,F,France,Ile-de-France,76,Investment,No,Website,1,3,1070969.53,356989.8433333333,442981.99,1146.2633333333333,3,640,1.0,0.0,1,2,First-Time Buyers
C0607,Individual,M,USA,California,63,Home,No,Agency,1,3,1125230.1199999999,375076.7066666666,381636.61,1371.6133333333335,3,304,1.0,0.0,2,2,Luxury Investors
C0608,Individual,M,USA,California,69,Home,No,Agency,4,4,1201411.56,300352.89,564420.33,1018.5225,4,61,0.75,0.25,0,1,Global Investors
C0609,Individual,F,USA,Washington,64,Home,No,Agency,4,4,1307567.64,326891.91,539078.45,1255.1325000000002,4,365,1.0,0.0,1,0,First-Time Buyers
C0610,Individual,F,USA,California,55,Investment,No,Website,4,3,1178597.68,392865.8933333333,477431.41,1339.73,3,578,1.0,0.0,2,2,Luxury Investors
C0611,Individual,M,USA,California,75,Home,No,Agency,4,4,1142671.94,285667.985,433951.65,997.415,4,487,1.0,0.0,1,0,First-Time Buyers
C0612,Individual,M,USA,Florida,65,Home,No,Agency,4,4,1671846.3,417961.575,633040.56,1389.15,4,305,1.0,0.0,2,0,Luxury Investors
C0613,Individual,F,Australia,Victoria,30,Home,No,Agency,4,3,1186019.52,395339.84,447068.49,1366.5633333333335,3,639,1.0,0.0,2,2,Luxury Investors
C0614,Individual,M,UK,Wales,53,Home,Yes,Website,3,4,1025958.38,256489.595,323890.25,858.9825,4,457,0.75,0.25,0,1,Global Investors
C0615,Individual,M,USA,Utah,68,Home,Yes,Website,2,4,919002.01,229750.5025,284149.74,748.33,4,639,1.0,0.0,1,2,First-Time Buyers
C0616,Individual,F,USA,Virginia,62,Investment,Yes,Agency,1,3,1013364.3,337788.10000000003,519571.55,1074.6233333333332,3,92,0.6666666666666666,0.3333333333333333,0,1,Global Investors
C0617,Individual,F,USA,Ohio,39,Home,Yes,Website,5,3,766861.21,255620.40333333332,408314.89,849.6366666666667,3,243,1.0,0.0,1,2,First-Time Buyers
C0618,Individual,M,USA,Texas,57,Home,No,Agency,3,3,982803.0,327601.0,498882.11,1113.29,3,153,0.6666666666666666,0.3333333333333333,0,1,Global Investors
C0619,Individual,F,USA,Washington,55,Home,No,Website,4,3,1411977.41,470659.13666666666,545321.51,1471.8999999999999,3,91,0.3333333333333333,0.6666666666666666,0,1,Global Investors
C0620,Individual,F,France,Brittany,65,Home,No,Website,3,3,1532429.29,510809.76333333337,619177.19,1504.28,3,334,0.6666666666666666,0.3333333333333333,2,1,Luxury Investors
C0621,Individual,M,Germany,Bavaria,43,Investment,Yes,Agency,3,3,791609.11,263869.7033333333,372530.49,869.7866666666667,3,182,1.0,0.0,1,2,First-Time Buyers
C0622,Individual,F,USA,Washington,38,Investment,No,Client,2,3,869334.73,289778.24333333335,353174.47,980.8699999999999,3,669,1.0,0.0,1,2,First-Time Buyers
C0623,Individual,M,USA,Florida,39,Investment,Yes,Client,3,4,1410333.45,352583.3625,490155.8,1146.02,4,610,0.75,0.25,0,0,Global Investors
C0624,Individual,M,USA,Nevada,25,Investment,No,Agency,3,3,1215611.54,405203.8466666667,497030.07,1413.8666666666668,3,426,1.0,0.0,2,2,Luxury Investors
C0625,Individual,F,Belgium,Flanders,42,Investment,Yes,Agency,2,4,1000166.88,250041.72,308545.24,851.0225,4,518,0.75,0.25,0,1,Global Investors
C0626,Individual,F,Germany,Hamburg,57,Investment,No,Website,2,3,1061694.1300000001,353898.0433333334,448491.59,1244.5566666666666,3,518,1.0,0.0,1,2,First-Time Buyers
C0627,Individual,F,USA,Arizona,25,Home,No,Agency,3,4,1870806.42,467701.605,562008.09,1726.0575,4,245,0.5,0.5,2,0,Luxury Investors
C0628,Individual,M,Canada,British Columbia,40,Home,Yes,Agency,3,4,1623109.63,405777.4075,601135.7,1250.39,4,547,0.75,0.25,2,0,Luxury Investors
C0629,Individual,F,USA,California,79,Investment,No,Agency,2,3,961721.77,320573.92333333334,404054.56,1129.1766666666665,3,608,1.0,0.0,1,2,First-Time Buyers
C0630,Individual,M,USA,California,60,Home,No,Website,2,4,1308077.6099999999,327019.40249999997,521382.1,1075.5049999999999,4,518,0.75,0.25,0,1,Global Investors
C0631,Individual,F,USA,California,59,Home,No,Website,5,4,1534891.22,383722.805,458349.81,1227.645,4,334,0.75,0.25,2,1,Luxury Investors
C0632,Individual,M,UK,Northern Ireland,77,Home,No,Website,4,4,1146845.98,286711.495,386036.16,947.7475,4,212,1.0,0.0,1,0,First-Time Buyers
C0633,Individual,F,USA,Nevada,84,Home,No,Agency,3,4,1207516.26,301879.065,526337.84,928.745,4,608,1.0,0.0,1,0,First-Time Buyers
C0634,Individual,M,USA,Washington,45,Investment,Yes,Website,4,3,1181693.63,393897.87666666665,498320.91,1393.1066666666666,3,306,0.6666666666666666,0.3333333333333333,0,1,Global Investors
C0635,Individual,F,UK,Scotland,65,Investment,No,Website,5,3,1375700.03,458566.6766666667,503560.15,1460.493333333333,3,181,0.3333333333333333,0.6666666666666666,0,1,Global Investors
C0636,Individual,F,France,Brittany,45,Home,No,Website,5,4,981810.0800000001,245452.52000000002,368940.08,827.3575000000001,4,609,1.0,0.0,1,0,First-Time Buyers
C0637,Individual,F,USA,California,58,Home,No,Website,2,4,1602478.07,400619.5175,487674.6,1296.5625,4,455,1.0,0.0,2,0,Luxury Investors
C0638,Individual,M,USA,Ohio,50,Home,Yes,Website,5,4,1347045.42,336761.355,527612.39,1204.4975,4,337,0.75,0.25,0,0,Global Investors
C0639,Individual,M,UK,Scotland,64,Home,Yes,Website,3,3,861670.72,287223.5733333333,446713.63,1008.1300000000001,3,92,1.0,0.0,1,2,First-Time Buyers
C0640,Individual,F,USA,Utah,58,Home,No,Agency,3,3,772950.1699999999,257650.05666666664,339275.85,915.6366666666667,3,456,1.0,0.0,1,2,First-Time Buyers
C0641,Company,M,USA,Arizona,31,Home,No,Agency,2,3,1217213.26,405737.75333333336,463667.58,1240.6066666666666,3,151,1.0,0.0,2,3,Luxury Investors
C0642,Individual,F,USA,California,58,Home,No,Website,4,3,1027140.61,342380.2033333333,512135.16,1161.5433333333333,3,152,1.0,0.0,1,2,First-Time Buyers
C0643,Individual,F,USA,California,51,Home,No,Website,5,3,928645.01,309548.33666666667,376815.49,1016.5033333333334,3,396,1.0,0.0,1,2,First-Time Buyers
C0644,Individual,F,USA,California,69,Home,Yes,Agency,4,3,1549624.23,516541.41,599850.78,1630.1366666666665,3,335,0.6666666666666666,0.3333333333333333,2,1,Luxury Investors
C0645,Individual,M,USA,Nevada,37,Home,No,Client,2,3,731453.53,243817.84333333335,268604.55,862.11,3,212,1.0,0.0,1,2,First-Time Buyers
C0646,Individual,F,USA,Arizona,30,Investment,No,Agency,5,3,1325311.83,441770.61000000004,479212.8,1464.0166666666667,3,548,1.0,0.0,2,2,Luxury Investors
C0647,Individual,F,USA,California,79,Home,No,Agency,4,4,2115520.42,528880.105,647138.13,1676.3825,4,91,0.75,0.25,2,0,Luxury Investors
C0648,Individual,F,USA,California,26,Home,Yes,Website,1,4,1142985.38,285746.345,404330.66,984.6475,4,365,1.0,0.0,1,2,First-Time Buyers
C0649,Individual,F,USA,California,30,Home,No,Agency,4,4,1401448.51,350362.1275,511233.23,1136.6925,4,365,0.0,1.0,0,1,Global Investors
C0650,Company,M,France,Occitanie,49,Home,Yes,Client,3,3,799742.26,266580.75333333336,290736.09,932.37,3,669,1.0,0.0,1,3,First-Time Buyers
C0651,Company,M,USA,Washington,32,Home,No,Agency,1,4,1077094.73,269273.6825,398037.98,948.7574999999999,4,579,1.0,0.0,1,3,First-Time Buyers
C0652,Individual,F,USA,Washington,32,Home,No,Website,2,3,904157.22,301385.74,439896.91,985.5433333333334,3,396,1.0,0.0,1,2,First-Time Buyers
C0653,Individual,M,USA,Ohio,55,Home,No,Client,2,4,1215543.15,303885.7875,421423.2,1053.27,4,396,0.75,0.25,0,1,Global Investors
C0654,Individual,M,USA,New York,65,Home,Yes,Website,2,3,865293.89,288431.2966666667,388799.01,1015.9399999999999,3,457,0.6666666666666666,0.3333333333333333,0,1,Global Investors
C0655,Individual,F,USA,Nevada,75,Home,Yes,Agency,1,3,1071763.22,357254.4066666667,438371.45,1138.4233333333334,3,334,1.0,0.0,1,2,First-Time Buyers
C0656,Individual,F,USA,Colorado,48,Home,No,Client,5,4,1288383.38,322095.845,505553.38,1190.4075,4,578,0.75,0.25,0,1,Global Investors
C0657,Individual,M,USA,California,69,Home,No,Agency,2,3,1258111.3199999998,419370.43999999994,593053.61,1338.1466666666668,3,639,1.0,0.0,2,2,Luxury Investors
C0658,Individual,F,USA,Virginia,26,Home,Yes,Agency,3,3,1122021.28,374007.0933333333,491470.69,1271.67,3,610,0.6666666666666666,0.3333333333333333,0,1,Global Investors
C0659,Individual,F,USA,California,37,Home,Yes,Agency,4,4,1000550.86,250137.715,315923.54,832.615,4,273,0.75,0.25,0,1,Global Investors
C0660,Individual,M,USA,Arizona,34,Home,Yes,Client,4,3,1148308.35,382769.45,425964.32,1337.0533333333333,3,457,1.0,0.0,2,2,Luxury Investors
C0661,Individual,F,Canada,Manitoba,64,Home,No,Website,3,4,1627713.0499999998,406928.26249999995,621646.32,1299.3274999999999,4,700,1.0,0.0,2,0,Luxury Investors
C0662,Individual,F,USA,California,68,Investment,No,Website,3,4,1520239.97,380059.9925,524135.1,1175.235,4,365,1.0,0.0,2,2,Luxury Investors
C0663,Individual,M,USA,California,67,Home,Yes,Agency,2,4,1544313.34,386078.335,601666.05,1234.8075,4,518,1.0,0.0,2,0,Luxury Investors
C0664,Individual,M,Canada,Alberta,67,Investment,Yes,Website,5,4,1063024.57,265756.1425,369441.6,897.47,4,365,0.75,0.25,0,1,Global Investors
C0665,Individual,M,USA,Colorado,66,Investment,No,Agency,1,3,704886.02,234962.00666666668,259327.23,765.68,3,276,1.0,0.0,1,2,First-Time Buyers
C0666,Individual,F,USA,California,77,Investment,No,Website,1,4,1532074.27,383018.5675,533934.58,1271.345,4,640,0.5,0.5,0,1,Global Investors
C0667,Individual,M,USA,Arizona,59,Investment,No,Agency,2,4,1486560.06,371640.015,528551.13,1295.2649999999999,4,244,1.0,0.0,2,2,Luxury Investors
C0668,Individual,F,France,Ile-de-France,47,Investment,Yes,Website,4,4,987175.01,246793.7525,407789.69,824.2025,4,304,1.0,0.0,1,2,First-Time Buyers
C0669,Individual,F,Canada,British Columbia,67,Home,No,Agency,3,3,1366533.49,455511.16333333333,540922.9,1599.3433333333332,3,334,0.6666666666666666,0.3333333333333333,2,1,Luxury Investors
C0670,Company,M,USA,Nevada,49,Investment,No,Website,4,3,1631973.5499999998,543991.1833333332,625384.45,1800.45,3,335,1.0,0.0,2,3,Luxury Investors
C0671,Individual,M,USA,Colorado,84,Home,Yes,Client,4,3,759678.12,253226.04,361032.68,849.6366666666667,3,212,1.0,0.0,1,2,First-Time Buyers
C0672,Individual,F,USA,California,58,Home,No,Website,2,3,1301968.05,433989.35000000003,535756.29,1452.2633333333333,3,334,0.6666666666666666,0.3333333333333333,2,1,Luxury Investors
C0673,Individual,F,USA,California,60,Home,No,Website,4,3,870503.9000000001,290167.96666666673,319736.59,1012.96,3,396,1.0,0.0,1,2,First-Time Buyers
C0674,Individual,F,USA,California,39,Investment,No,Website,4,4,1733438.52,433359.63,584942.34,1365.9450000000002,4,639,1.0,0.0,2,2,Luxury Investors
C0675,Individual,F,USA,Texas,56,Home,No,Website,5,3,1117159.17,372386.38999999996,528517.95,1113.29,3,31,0.6666666666666666,0.3333333333333333,0,1,Global Investors
C0676,Individual,F,USA,Nevada,83,Home,No,Agency,2,3,1022396.03,340798.6766666667,478630.37,989.0566666666667,3,0,0.6666666666666666,0.3333333333333333,0,1,Global Investors
C0677,Individual,M,USA,Arizona,44,Investment,No,Agency,2,4,1217015.1099999999,304253.77749999997,362582.49,1024.3375,4,518,0.75,0.25,0,1,Global Investors
C0678,Individual,M,USA,California,53,Home,Yes,Website,4,3,904050.87,301350.29,449002.59,897.3100000000001,3,547,0.3333333333333333,0.6666666666666666,0,1,Global Investors
C0679,Individual,F,USA,Nevada,61,Home,No,Agency,1,4,1945371.6800000002,486342.92000000004,542183.91,1726.0575,4,548,0.75,0.25,2,0,Luxury Investors
C0680,Individual,M,USA,Utah,60,Investment,No,Agency,2,4,1533727.71,383431.9275,527252.15,1333.2775,4,579,1.0,0.0,2,0,Luxury Investors
C0681,Company,F,USA,California,48,Home,No,Agency,3,4,736696.97,184174.2425,258314.7,658.8625,4,639,1.0,0.0,1,3,First-Time Buyers
C0682,Individual,M,USA,California,52,Home,No,Website,5,4,1436006.22,359001.555,454375.43,1214.5625,4,245,1.0,0.0,2,0,Luxury Investors
C0683,Individual,M,USA,Colorado,77,Home,Yes,Agency,2,3,1216565.53,405521.8433333333,484751.08,1463.22,3,365,1.0,0.0,2,2,Luxury Investors
C0684,Individual,M,USA,California,40,Home,No,Agency,1,4,1402625.45,350656.3625,472614.44,1120.62,4,609,0.75,0.25,0,1,Global Investors
C0685,Individual,F,USA,Washington,38,Home,No,Agency,5,3,1129835.06,376611.6866666667,632201.17,1228.5033333333333,3,273,0.6666666666666666,0.3333333333333333,0,1,Global Investors
C0686,Individual,M,USA,California,62,Home,Yes,Website,1,3,1250166.33,416722.11000000004,528510.9,1369.7300000000002,3,609,1.0,0.0,2,2,Luxury Investors
C0687,Individual,F,USA,Utah,66,Home,Yes,Website,3,4,1532604.0,383151.0,720425.67,1210.7375000000002,4,395,0.75,0.25,2,0,Luxury Investors
C0688,Individual,F,USA,Colorado,57,Investment,Yes,Website,5,4,1093762.42,273440.605,415205.7,868.5725,4,608,0.75,0.25,0,1,Global Investors
C0689,Individual,F,USA,California,27,Home,No,Website,4,3,1051259.37,350419.79000000004,433353.3,1186.05,3,184,0.6666666666666666,0.3333333333333333,0,1,Global Investors
C0690,Individual,F,USA,Oregon,40,Home,Yes,Agency,4,4,1402023.24,350505.81,527730.49,1150.3275,4,700,0.75,0.25,0,0,Global Investors
C0691,Individual,M,USA,California,82,Investment,No,Agency,4,4,948552.89,237138.2225,307826.14,816.16,4,518,1.0,0.0,1,2,First-Time Buyers
C0692,Individual,M,USA,Georgia,61,Investment,No,Agency,3,4,1206585.87,301646.4675,395284.05,1011.5875,4,365,1.0,0.0,1,2,First-Time Buyers
C0693,Individual,M,USA,California,68,Investment,Yes,Agency,5,4,1831502.92,457875.73,572810.16,1498.6825,4,335,0.75,0.25,2,0,Luxury Investors
C0694,Company,M,UK,Scotland,36,Investment,No,Website,2,4,1287767.07,321941.7675,382289.82,1063.04,4,639,0.75,0.25,0,3,Global Investors
C0695,Individual,M,USA,Washington,78,Home,No,Website,4,3,870451.65,290150.55,381213.39,934.8733333333333,3,184,0.6666666666666666,0.3333333333333333,0,1,Global Investors
C0696,Individual,F,USA,Washington,31,Investment,Yes,Agency,5,4,1417025.49,354256.3725,610973.17,1246.6175,4,639,0.75,0.25,0,0,Global Investors
C0697,Individual,M,USA,California,39,Investment,Yes,Agency,4,4,1203571.2,300892.8,529206.1,1036.6525,4,365,1.0,0.0,1,2,First-Time Buyers
C0698,Individual,F,USA,California,79,Home,Yes,Website,2,4,1560635.51,390158.8775,575207.87,1286.9575,4,457,0.75,0.25,2,0,Luxury Investors
C0699,Individual,M,USA,Washington,39,Home,Yes,Agency,1,3,1292445.15,430815.05,497579.57,1357.1933333333334,3,670,1.0,0.0,2,2,Luxury Investors
C0700,Individual,F,USA,Washington,81,Home,No,Website,5,3,724453.7,241484.56666666665,302845.83,851.4266666666667,3,395,1.0,0.0,1,2,First-Time Buyers
C0701,Individual,F,UK,England,63,Investment,No,Website,1,4,1318537.76,329634.44,610952.85,1050.5725,4,426,1.0,0.0,1,2,First-Time Buyers
C0702,Individual,M,USA,Arizona,59,Home,No,Agency,5,3,1215022.0,405007.3333333333,437978.56,1303.7766666666666,3,214,1.0,0.0,2,2,Luxury Investors
C0703,Company,M,USA,Colorado,41,Home,No,Website,3,3,938073.5700000001,312691.19,394037.08,1023.8800000000001,3,396,1.0,0.0,1,3,First-Time Buyers
C0704,Individual,F,USA,Georgia,83,Home,No,Agency,4,3,1130778.86,376926.2866666667,431012.78,1194.9266666666665,3,214,0.6666666666666666,0.3333333333333333,0,1,Global Investors
C0705,Individual,M,USA,Nevada,85,Home,No,Website,3,3,1643383.67,547794.5566666666,670575.87,1680.5266666666666,3,151,1.0,0.0,2,2,Luxury Investors
C0706,Individual,M,UK,England,41,Investment,No,Client,2,3,1034954.84,344984.94666666666,437082.22,1162.6166666666666,3,214,1.0,0.0,1,2,First-Time Buyers
C0707,Individual,M,USA,Virginia,30,Home,Yes,Website,5,4,1171255.22,292813.805,399196.41,956.935,4,518,0.75,0.25,0,1,Global Investors
C0708,Individual,M,USA,California,61,Home,No,Client,2,3,1539340.8699999999,513113.6233333333,658501.84,1523.6933333333334,3,153,0.3333333333333333,0.6666666666666666,0,1,Global Investors
C0709,Individual,F,USA,Georgia,43,Home,Yes,Agency,2,4,1233960.52,308490.13,558878.17,1009.23,4,427,1.0,0.0,1,2,First-Time Buyers
C0710,Individual,M,USA,Oregon,79,Home,Yes,Agency,2,4,1158001.3599999999,289500.33999999997,510596.18,939.3575,4,669,1.0,0.0,1,0,First-Time Buyers
C0711,Individual,F,USA,California,30,Investment,No,Agency,3,4,1045658.54,261414.635,383676.59,905.7525,4,183,0.75,0.25,0,1,Global Investors
C0712,Individual,M,USA,California,34,Home,No,Agency,1,3,701688.31,233896.10333333336,311645.47,842.68,3,92,0.6666666666666666,0.3333333333333333,0,1,Global Investors
C0713,Individual,F,USA,California,28,Investment,No,Agency,3,3,946537.74,315512.58,467446.4,1125.17,3,304,1.0,0.0,1,2,First-Time Buyers
C0714,Individual,M,Russia,Saint Petersburg,48,Home,No,Website,3,3,1520218.18,506739.3933333333,606614.22,1680.5266666666666,3,579,0.3333333333333333,0.6666666666666666,0,1,Global Investors
C0715,Individual,F,USA,Utah,43,Home,No,Website,3,3,1151372.75,383790.9166666667,523101.86,1340.7666666666667,3,366,0.6666666666666666,0.3333333333333333,0,1,Global Investors
C0716,Individual,M,UK,Northern Ireland,31,Home,No,Client,1,3,1173245.74,391081.91333333333,512554.33,1334.1000000000001,3,610,0.6666666666666666,0.3333333333333333,0,1,Global Investors
C0717,Individual,F,USA,Arizona,79,Investment,Yes,Agency,3,3,1000529.6699999999,333509.88999999996,419346.92,1156.5633333333333,3,457,0.6666666666666666,0.3333333333333333,0,1,Global Investors
C0718,Individual,F,France,Ile-de-France,81,Home,Yes,Website,2,3,900157.9099999999,300052.63666666666,406298.92,1123.8033333333333,3,184,0.6666666666666666,0.3333333333333333,0,1,Global Investors
C0719,Individual,M,USA,California,51,Investment,Yes,Agency,2,3,912916.77,304305.59,359309.3,1023.8800000000001,3,609,1.0,0.0,1,2,First-Time Buyers
C0720,Individual,F,USA,California,44,Investment,Yes,Agency,1,4,844316.69,211079.1725,257796.8,678.3725,4,365,0.5,0.5,0,1,Global Investors
C0721,Individual,F,USA,Florida,26,Home,No,Website,4,4,1167212.02,291803.005,468906.08,939.4875,4,548,0.75,0.25,0,1,Global Investors
C0722,Individual,F,USA,Texas,82,Home,No,Website,1,3,936104.05,312034.68333333335,428259.32,1033.4833333333333,3,365,1.0,0.0,1,2,First-Time Buyers
C0723,Individual,F,Germany,North Rhine-Westphalia,26,Home,Yes,Website,3,3,1554043.79,518014.5966666667,641498.15,1671.7666666666667,3,181,1.0,0.0,2,2,Luxury Investors
C0724,Individual,M,USA,Arizona,65,Investment,Yes,Agency,4,4,1564795.28,391198.82,595879.26,1255.1325000000002,4,549,0.75,0.25,2,1,Luxury Investors
C0725,Individual,F,USA,New York,42,Home,No,Website,3,3,1557779.53,519259.8433333333,566513.0,1733.68,3,273,1.0,0.0,2,2,Luxury Investors
C0726,Individual,F,USA,Georgia,48,Home,No,Website,4,4,1055406.17,263851.5425,377502.89,901.245,4,578,0.75,0.25,0,1,Global Investors
C0727,Individual,M,USA,California,84,Investment,Yes,Client,3,4,1924218.25,481054.5625,675285.62,1425.7675,4,455,1.0,0.0,2,0,Luxury Investors
C0728,Individual,M,USA,California,54,Home,Yes,Agency,3,3,896046.43,298682.14333333337,421724.13,934.8733333333333,3,274,0.6666666666666666,0.3333333333333333,0,1,Global Investors
C0729,Individual,M,USA,Washington,81,Investment,Yes,Agency,3,3,1100578.42,366859.4733333333,489878.14,1280.28,3,274,0.6666666666666666,0.3333333333333333,0,1,Global Investors
C0730,Individual,M,USA,California,37,Investment,No,Website,4,3,1395460.54,465153.51333333337,629261.99,1435.6633333333332,3,90,1.0,0.0,2,2,Luxury Investors
C0731,Individual,M,USA,California,25,Home,No,Agency,5,4,2163873.35,540968.3375,579753.4,1699.3675,4,487,1.0,0.0,2,0,Luxury Investors
C0732,Individual,M,USA,Oregon,40,Home,No,Website,5,4,1763602.47,440900.6175,561731.1,1454.35,4,274,1.0,0.0,2,0,Luxury Investors
C0733,Individual,F,USA,Nevada,49,Home,No,Agency,5,3,1610480.1,536826.7000000001,622128.29,1609.0333333333335,3,549,0.6666666666666666,0.3333333333333333,2,1,Luxury Investors
C0734,Individual,F,USA,Virginia,44,Investment,Yes,Client,5,3,894573.22,298191.0733333333,455010.72,1077.3333333333333,3,335,0.3333333333333333,0.6666666666666666,0,1,Global Investors
C0735,Individual,M,Germany,Hesse,31,Investment,No,Website,4,3,1082670.51,360890.17,470123.96,1129.1766666666665,3,518,0.3333333333333333,0.6666666666666666,0,1,Global Investors
C0736,Individual,M,USA,Utah,83,Investment,No,Agency,3,3,961660.45,320553.48333333334,476537.31,1049.5133333333333,3,488,1.0,0.0,1,2,First-Time Buyers
C0737,Individual,M,USA,California,47,Investment,No,Agency,3,3,1271295.42,423765.13999999996,517724.81,1435.6633333333332,3,547,1.0,0.0,2,2,Luxury Investors
C0738,Individual,M,USA,Texas,45,Home,No,Website,5,4,1217179.49,304294.8725,464608.3,955.7625,4,274,1.0,0.0,1,0,First-Time Buyers
C0739,Individual,M,USA,California,60,Home,No,Agency,2,4,1239915.48,309978.87,442471.98,1096.12,4,487,0.75,0.25,0,1,Global Investors
C0740,Individual,F,USA,Utah,59,Investment,No,Client,1,3,1150084.72,383361.5733333333,580909.55,1176.2366666666667,3,276,0.6666666666666666,0.3333333333333333,0,1,Global Investors
C0741,Individual,F,USA,California,63,Home,No,Website,2,3,808100.3,269366.76666666666,318066.48,952.0733333333334,3,243,0.6666666666666666,0.3333333333333333,0,1,Global Investors
C0742,Individual,M,UK,Wales,45,Home,Yes,Website,1,3,943082.4199999999,314360.80666666664,424586.91,1078.7866666666666,3,488,0.6666666666666666,0.3333333333333333,0,1,Global Investors
C0743,Individual,M,USA,Oregon,53,Investment,Yes,Website,4,3,973707.31,324569.10333333333,437490.2,1145.4666666666665,3,609,1.0,0.0,1,2,First-Time Buyers
C0744,Individual,F,USA,Virginia,75,Home,No,Website,1,3,947393.7,315797.89999999997,425904.8,939.3299999999999,3,396,0.6666666666666666,0.3333333333333333,0,1,Global Investors
C0745,Individual,F,USA,California,28,Investment,No,Website,5,4,1137226.12,284306.53,457379.31,940.485,4,426,1.0,0.0,1,2,First-Time Buyers
C0746,Individual,M,UK,Scotland,69,Home,No,Website,4,4,1485041.45,371260.3625,474858.86,1120.62,4,335,0.75,0.25,0,1,Global Investors
C0747,Individual,M,USA,Florida,33,Home,Yes,Website,4,3,1321142.35,440380.7833333334,565444.67,1435.6633333333332,3,245,0.6666666666666666,0.3333333333333333,2,1,Luxury Investors
C0748,Company,F,USA,California,51,Home,Yes,Client,1,3,1188736.23,396245.41,484844.4,1332.34,3,184,0.6666666666666666,0.3333333333333333,0,3,Global Investors
C0749,Individual,F,USA,New York,33,Home,No,Agency,5,3,1170883.93,390294.6433333333,526465.62,1258.6899999999998,3,151,1.0,0.0,2,2,Luxury Investors
C0750,Individual,F,USA,Nevada,49,Investment,No,Agency,1,3,887696.78,295898.9266666667,533052.17,964.2666666666665,3,214,0.6666666666666666,0.3333333333333333,0,1,Global Investors
C0751,Individual,M,USA,California,51,Home,No,Client,5,4,1055948.97,263987.2425,335648.24,967.0,4,244,1.0,0.0,1,0,First-Time Buyers
C0752,Individual,F,Belgium,Brussels,71,Investment,No,Agency,3,4,836214.24,209053.56,237539.69,725.4225,4,245,0.75,0.25,0,1,Global Investors
C0753,Individual,M,Germany,Hamburg,65,Home,No,Website,5,4,1053102.32,263275.58,360664.73,868.5725,4,455,1.0,0.0,1,0,First-Time Buyers
C0754,Individual,F,USA,Arizona,55,Investment,No,Website,3,4,1300009.56,325002.39,370723.42,1037.4175,4,303,0.75,0.25,0,1,Global Investors
C0755,Company,F,USA,California,58,Home,No,Website,5,3,1040997.25,346999.0833333333,348797.92,1286.4833333333333,3,122,0.6666666666666666,0.3333333333333333,0,3,Global Investors
C0756,Individual,F,USA,Utah,62,Home,Yes,Website,5,3,785768.09,261922.69666666666,349788.42,934.8733333333333,3,153,1.0,0.0,1,2,First-Time Buyers
C0757,Individual,M,USA,Oregon,79,Home,Yes,Website,3,4,1392690.1199999999,348172.52999999997,566678.96,1053.27,4,518,0.75,0.25,0,1,Global Investors
C0758,Individual,M,USA,California,67,Investment,No,Website,2,4,1135189.16,283797.29,453645.31,928.1775,4,273,0.75,0.25,0,1,Global Investors
C0759,Individual,M,USA,Florida,34,Home,No,Website,4,3,1327801.32,442600.44,605700.56,1451.5366666666666,3,242,1.0,0.0,2,2,Luxury Investors
C0760,Individual,F,USA,California,61,Investment,No,Website,3,4,1288008.21,322002.0525,520039.4,1133.69,4,366,1.0,0.0,1,2,First-Time Buyers
C0761,Individual,F,Belgium,Flanders,44,Home,No,Agency,2,4,1387948.07,346987.0175,575218.75,1134.4225000000001,4,518,1.0,0.0,1,0,First-Time Buyers
C0762,Individual,F,USA,Ohio,58,Home,No,Website,4,4,1456185.33,364046.3325,485326.73,1313.38,4,306,1.0,0.0,2,0,Luxury Investors
C0763,Company,F,USA,Georgia,54,Home,No,Agency,3,3,1036781.97,345593.99,394871.49,1152.5966666666666,3,212,1.0,0.0,1,3,First-Time Buyers
C0764,Individual,F,UK,Northern Ireland,42,Investment,No,Client,4,4,1670624.74,417656.185,596267.69,1441.655,4,335,1.0,0.0,2,2,Luxury Investors
C0765,Individual,M,France,Brittany,58,Home,No,Website,3,4,1516418.29,379104.5725,556439.7,1260.0625,4,547,0.75,0.25,2,1,Luxury Investors
C0766,Individual,M,Germany,North Rhine-Westphalia,31,Home,Yes,Client,3,4,1601876.1400000001,400469.03500000003,587630.43,1286.2725,4,578,0.75,0.25,2,0,Luxury Investors
C0767,Individual,M,Canada,British Columbia,64,Investment,No,Agency,2,4,1403932.48,350983.12,485150.67,1242.0825,4,639,0.75,0.25,0,1,Global Investors
C0768,Individual,M,Denmark,Southern Denmark,33,Investment,Yes,Website,5,3,1048127.47,349375.8233333333,527746.08,1163.8866666666665,3,304,0.3333333333333333,0.6666666666666666,0,1,Global Investors
C0769,Individual,F,USA,Ohio,67,Home,No,Agency,4,3,675607.7899999999,225202.59666666665,324271.22,753.3133333333334,3,609,0.6666666666666666,0.3333333333333333,0,1,Global Investors
C0770,Individual,F,Russia,Krasnodar Krai,74,Home,No,Website,4,3,984598.73,328199.57666666666,535533.08,1104.51,3,151,1.0,0.0,1,2,First-Time Buyers
C0771,Company,M,USA,California,41,Home,No,Website,1,4,1856997.08,464249.27,728976.07,1408.3274999999999,4,608,0.75,0.25,2,3,Luxury Investors
C0772,Individual,M,USA,California,34,Investment,No,Client,1,3,911164.52,303721.50666666665,332253.48,1038.2,3,700,0.3333333333333333,0.6666666666666666,0,1,Global Investors
C0773,Individual,M,Russia,Saint Petersburg,61,Home,No,Website,1,4,1451465.46,362866.365,514489.27,1153.0825,4,153,0.75,0.25,0,0,Global Investors
C0774,Individual,M,USA,Georgia,42,Home,Yes,Agency,5,3,999792.6799999999,333264.2266666666,564194.97,1144.8033333333333,3,61,1.0,0.0,1,2,First-Time Buyers
C0775,Individual,F,USA,Arizona,50,Home,No,Agency,1,4,1043608.37,260902.0925,368476.78,900.39,4,245,0.75,0.25,0,1,Global Investors
C0776,Individual,F,Germany,Bavaria,59,Home,Yes,Agency,4,3,914465.3300000001,304821.7766666667,382528.88,980.8699999999999,3,153,0.6666666666666666,0.3333333333333333,0,1,Global Investors
C0777,Company,M,USA,Arizona,43,Home,No,Client,1,3,1130759.4100000001,376919.8033333334,459850.51,1313.16,3,245,1.0,0.0,2,3,Luxury Investors
C0778,Individual,M,USA,California,27,Investment,Yes,Agency,4,4,1646921.92,411730.48,601818.29,1334.8775,4,609,0.75,0.25,2,0,Luxury Investors
C0779,Individual,F,USA,California,72,Home,Yes,Agency,5,3,1221957.12,407319.04000000004,499912.08,1325.0800000000002,3,488,1.0,0.0,2,2,Luxury Investors
C0780,Individual,F,USA,California,78,Home,No,Website,3,3,708761.6900000001,236253.8966666667,337660.44,849.6366666666667,3,639,1.0,0.0,1,2,First-Time Buyers
C0781,Individual,M,USA,California,85,Investment,Yes,Website,5,4,1181206.69,295301.6725,356949.82,1030.635,4,579,0.5,0.5,0,1,Global Investors
C0782,Individual,M,USA,Utah,55,Investment,Yes,Website,2,4,1166638.1600000001,291659.54000000004,500885.96,905.0375,4,397,0.75,0.25,0,1,Global Investors
C0783,Individual,F,Canada,Alberta,64,Home,Yes,Agency,1,3,1031472.36,343824.12,437818.55,1156.5633333333333,3,244,1.0,0.0,1,2,First-Time Buyers
C0784,Individual,M,Mexico,Baja California,52,Investment,No,Website,4,3,1172514.65,390838.2166666666,509668.52,1356.7466666666667,3,549,1.0,0.0,2,2,Luxury Investors
C0785,Company,F,USA,California,54,Home,No,Website,2,4,1047112.48,261778.12,431877.48,860.9325,4,426,1.0,0.0,1,3,First-Time Buyers
C0786,Individual,F,USA,California,42,Investment,No,Website,3,3,663797.37,221265.79,316398.13,724.0866666666667,3,609,0.6666666666666666,0.3333333333333333,0,1,Global Investors
C0787,Individual,M,USA,Washington,75,Home,No,Website,1,3,1405947.6600000001,468649.22000000003,528186.67,1527.8633333333335,3,579,1.0,0.0,2,2,Luxury Investors
C0788,Individual,M,France,Brittany,81,Investment,No,Website,4,4,1799447.01,449861.7525,599896.96,1482.5875,4,304,0.75,0.25,2,0,Luxury Investors
C0789,Individual,F,Canada,Ontario,51,Investment,No,Website,1,3,1125271.6,375090.5333333334,491362.13,1228.9099999999999,3,306,0.3333333333333333,0.6666666666666666,0,1,Global Investors
C0790,Individual,M,USA,California,51,Home,Yes,Agency,5,4,1521440.8599999999,380360.21499999997,629276.73,1227.17,4,214,0.75,0.25,2,0,Luxury Investors
C0791,Individual,M,USA,Texas,42,Home,No,Website,4,4,1424465.81,356116.4525,386702.48,1159.9675,4,578,0.75,0.25,0,1,Global Investors
C0792,Individual,M,USA,California,43,Investment,Yes,Website,4,4,1559979.82,389994.955,542607.18,1219.85,4,518,1.0,0.0,2,2,Luxury Investors
C0793,Individual,M,USA,New York,56,Home,No,Agency,4,4,1245234.35,311308.5875,545577.55,1048.44,4,487,1.0,0.0,1,0,First-Time Buyers
C0794,Individual,M,USA,California,74,Home,Yes,Website,4,3,1120488.77,373496.25666666665,453748.83,1308.5133333333333,3,365,1.0,0.0,2,2,Luxury Investors
C0795,Individual,M,USA,California,56,Investment,Yes,Website,4,3,1170869.0899999999,390289.6966666666,601201.34,1169.0466666666669,3,334,1.0,0.0,1,2,First-Time Buyers
C0796,Individual,F,USA,California,42,Investment,Yes,Website,5,3,559596.54,186532.18000000002,201976.86,607.4466666666667,3,153,1.0,0.0,1,2,First-Time Buyers
C0797,Individual,F,USA,Oregon,35,Home,Yes,Agency,5,3,881179.3,293726.43333333335,475185.8,851.8699999999999,3,670,0.6666666666666666,0.3333333333333333,0,1,Global Investors
C0798,Company,M,USA,Nevada,60,Home,Yes,Agency,4,4,987267.48,246816.87,353070.7,840.8725,4,395,1.0,0.0,1,3,First-Time Buyers
C0799,Individual,F,USA,California,71,Home,No,Website,4,4,1108935.8599999999,277233.96499999997,350745.37,972.245,4,335,1.0,0.0,1,0,First-Time Buyers
C0800,Individual,M,USA,Virginia,51,Investment,Yes,Website,5,3,983573.1799999999,327857.7266666666,543292.36,1151.5466666666666,3,30,1.0,0.0,1,2,First-Time Buyers
C0801,Individual,F,USA,Washington,56,Home,Yes,Website,4,3,1361712.2999999998,453904.0999999999,571066.07,1435.6633333333332,3,212,1.0,0.0,2,2,Luxury Investors
C0802,Individual,M,USA,Virginia,55,Home,No,Agency,5,3,1074480.81,358160.27,494631.27,1217.58,3,396,1.0,0.0,1,2,First-Time Buyers
C0803,Individual,F,USA,Texas,80,Home,No,Agency,4,4,1542819.53,385704.8825,595397.77,1329.5925,4,395,1.0,0.0,2,0,Luxury Investors
C0804,Individual,M,USA,Washington,58,Home,No,Agency,5,3,1223755.92,407918.63999999996,563216.05,1464.8466666666666,3,214,0.3333333333333333,0.6666666666666666,0,1,Global Investors
C0805,Individual,M,Germany,Berlin,72,Home,Yes,Website,1,3,940964.73,313654.91,378804.75,995.5099999999999,3,214,1.0,0.0,1,2,First-Time Buyers
C0806,Individual,M,France,Ile-de-France,36,Home,No,Client,5,4,1485168.27,371292.0675,543193.6,1220.42,4,670,1.0,0.0,2,0,Luxury Investors
C0807,Individual,F,Mexico,Mexico City,32,Investment,No,Website,5,4,1635419.92,408854.98,548576.41,1412.375,4,700,0.5,0.5,0,0,Global Investors
C0808,Individual,M,Germany,Berlin,82,Home,Yes,Website,3,3,885158.15,295052.7166666667,385179.19,1003.3133333333334,3,59,1.0,0.0,1,2,First-Time Buyers
C0809,Individual,F,France,Occitanie,58,Home,Yes,Agency,5,3,1386118.19,462039.39666666667,619032.93,1464.8466666666666,3,306,1.0,0.0,2,2,Luxury Investors
C0810,Individual,M,USA,California,30,Home,Yes,Website,1,3,922597.5800000001,307532.5266666667,415564.76,915.6366666666667,3,548,1.0,0.0,1,2,First-Time Buyers
C0811,Individual,M,UK,Wales,80,Home,No,Agency,3,3,1515201.05,505067.01666666666,531362.61,1471.8999999999999,3,518,1.0,0.0,2,2,Luxury Investors
C0812,Individual,M,UK,Northern Ireland,51,Home,Yes,Website,3,4,1443224.01,360806.0025,529272.37,1248.58,4,549,1.0,0.0,2,0,Luxury Investors
C0813,Individual,M,UK,Scotland,51,Investment,No,Agency,3,4,1314024.52,328506.13,453762.41,1099.4925,4,700,0.25,0.75,0,1,Global Investors
C0814,Individual,F,USA,California,61,Home,No,Website,2,3,674363.74,224787.91333333333,245279.18,706.7266666666666,3,396,1.0,0.0,1,2,First-Time Buyers
C0815,Company,F,USA,Nevada,60,Home,Yes,Agency,4,3,962374.6499999999,320791.55,376063.41,1205.9633333333334,3,273,1.0,0.0,1,3,First-Time Buyers
C0816,Individual,F,Germany,Hamburg,78,Home,Yes,Website,2,3,1003090.8500000001,334363.6166666667,530119.92,1151.5466666666666,3,30,0.6666666666666666,0.3333333333333333,0,1,Global Investors
C0817,Individual,F,USA,California,53,Investment,No,Website,1,3,1338281.0,446093.6666666667,487710.82,1448.82,3,455,0.6666666666666666,0.3333333333333333,2,1,Luxury Investors
C0818,Company,F,USA,Colorado,34,Home,No,Website,2,4,760443.3500000001,190110.83750000002,285509.27,677.79,4,669,0.75,0.25,0,3,Global Investors
C0819,Individual,M,USA,California,74,Home,No,Website,5,3,1239378.27,413126.09,540445.52,1313.16,3,153,1.0,0.0,2,2,Luxury Investors
C0820,Individual,F,USA,Texas,85,Investment,No,Agency,4,3,920197.78,306732.5933333333,497575.53,976.2833333333333,3,273,1.0,0.0,1,2,First-Time Buyers
C0821,Individual,F,USA,California,68,Home,Yes,Agency,5,3,1371213.26,457071.08666666667,555202.09,1467.89,3,365,0.6666666666666666,0.3333333333333333,2,1,Luxury Investors
C0822,Individual,F,USA,California,66,Investment,Yes,Website,3,3,1407630.29,469210.0966666667,508753.3,1563.9733333333334,3,182,0.6666666666666666,0.3333333333333333,2,1,Luxury Investors
C0823,Individual,F,USA,Oregon,50,Investment,Yes,Agency,5,4,1722388.8900000001,430597.22250000003,589758.81,1338.9,4,243,1.0,0.0,2,2,Luxury Investors
C0824,Individual,M,USA,California,49,Home,No,Agency,3,3,1234378.85,411459.6166666667,519209.27,1435.6633333333332,3,396,0.6666666666666666,0.3333333333333333,2,1,Luxury Investors
C0825,Individual,F,Mexico,Nuevo Leon,43,Home,Yes,Agency,4,4,1246198.0,311549.5,507522.85,1075.0475000000001,4,365,1.0,0.0,1,2,First-Time Buyers
C0826,Individual,M,USA,Ohio,55,Investment,Yes,Website,4,4,1255265.82,313816.455,623819.92,996.1925,4,488,0.75,0.25,0,1,Global Investors
C0827,Individual,F,USA,Washington,60,Home,Yes,Website,2,4,1176467.77,294116.9425,557463.33,1025.3225,4,610,0.75,0.25,0,1,Global Investors
C0828,Individual,F,USA,Arizona,78,Investment,Yes,Website,4,4,1313574.2,328393.55,500403.51,1122.0925,4,242,0.75,0.25,0,0,Global Investors
C0829,Individual,M,USA,Utah,65,Investment,No,Website,3,4,1296844.19,324211.0475,444270.56,1102.08,4,396,1.0,0.0,1,2,First-Time Buyers
C0830,Individual,M,USA,Oregon,73,Investment,No,Agency,3,4,1518798.69,379699.6725,480172.84,1169.615,4,456,1.0,0.0,2,2,Luxury Investors
C0831,Individual,F,USA,California,48,Home,No,Website,2,3,909532.47,303177.49,393983.06,979.0866666666667,3,274,0.3333333333333333,0.6666666666666666,0,1,Global Investors
C0832,Individual,F,USA,Nevada,35,Investment,Yes,Website,3,3,1290741.99,430247.33,561351.99,1336.61,3,306,0.6666666666666666,0.3333333333333333,0,1,Global Investors
C0833,Individual,M,Denmark,Southern Denmark,74,Home,No,Website,5,3,1422486.6099999999,474162.2033333333,504262.01,1623.3,3,365,0.6666666666666666,0.3333333333333333,2,1,Luxury Investors
C0834,Individual,F,USA,California,68,Home,No,Website,5,4,1384660.54,346165.135,428653.51,1073.905,4,395,1.0,0.0,1,0,First-Time Buyers
C0835,Individual,F,USA,California,51,Home,Yes,Website,5,4,1159317.69,289829.4225,498858.03,941.61,4,669,0.75,0.25,0,1,Global Investors
C0836,Individual,M,USA,Ohio,83,Home,No,Website,4,3,1280715.29,426905.0966666667,499955.33,1493.243333333333,3,365,0.6666666666666666,0.3333333333333333,2,1,Luxury Investors
C0837,Individual,M,France,Brittany,58,Home,No,Website,1,4,1415445.71,353861.4275,484359.77,1253.3075,4,395,1.0,0.0,2,0,Luxury Investors
C0838,Individual,M,USA,Nevada,33,Investment,Yes,Website,1,3,837604.3,279201.43333333335,345031.43,853.8133333333334,3,669,1.0,0.0,1,2,First-Time Buyers
C0839,Individual,F,UK,England,31,Home,Yes,Agency,5,3,1123967.69,374655.89666666667,531903.04,1308.5133333333333,3,608,0.6666666666666666,0.3333333333333333,0,1,Global Investors
C0840,Individual,F,Belgium,Brussels,44,Home,No,Website,1,4,1508352.25,377088.0625,565118.87,1329.5925,4,548,1.0,0.0,2,0,Luxury Investors
C0841,Individual,M,Belgium,Wallonia,26,Home,No,Website,5,4,1344816.1,336204.025,443394.23,1167.105,4,426,1.0,0.0,1,0,First-Time Buyers
C0842,Individual,M,USA,Washington,29,Home,Yes,Client,5,4,1082477.8199999998,270619.45499999996,507216.3,928.745,4,426,0.5,0.5,0,1,Global Investors
C0843,Individual,F,USA,Georgia,25,Home,No,Agency,4,3,1377127.37,459042.4566666667,508725.94,1500.72,3,548,1.0,0.0,2,2,Luxury Investors
C0844,Individual,F,USA,California,78,Home,No,Website,2,4,1363201.96,340800.49,510261.37,1187.8925000000002,4,396,0.75,0.25,0,1,Global Investors
C0845,Individual,F,USA,Washington,32,Home,No,Client,3,3,1355270.16,451756.72,541412.0,1471.4466666666667,3,245,1.0,0.0,2,2,Luxury Investors
C0846,Individual,F,Canada,Quebec,49,Investment,No,Agency,3,3,1069033.77,356344.59,579072.02,1135.5233333333333,3,153,1.0,0.0,1,2,First-Time Buyers
C0847,Individual,F,USA,Utah,37,Home,Yes,Agency,2,4,1258765.46,314691.365,480678.5,1011.5875,4,579,0.75,0.25,0,1,Global Investors
C0848,Individual,M,USA,California,58,Home,No,Agency,4,4,1366788.33,341697.0825,546910.59,1184.9475000000002,4,366,1.0,0.0,1,0,First-Time Buyers
C0849,Individual,M,USA,Oregon,48,Home,Yes,Website,1,4,1262931.66,315732.915,539249.94,995.0275,4,457,1.0,0.0,1,2,First-Time Buyers
C0850,Individual,F,USA,Colorado,42,Investment,No,Agency,5,3,528432.48,176144.16,229915.53,610.62,3,0,1.0,0.0,1,2,First-Time Buyers
C0851,Individual,M,USA,California,32,Investment,Yes,Website,2,4,1482957.8800000001,370739.47000000003,492001.45,1259.95,4,578,1.0,0.0,2,2,Luxury Investors
C0852,Individual,M,Germany,North Rhine-Westphalia,36,Home,No,Agency,2,4,1368458.37,342114.5925,430669.69,1222.37,4,243,1.0,0.0,1,0,First-Time Buyers
C0853,Individual,M,USA,Utah,75,Home,No,Website,4,4,1293562.22,323390.555,431452.51,1092.085,4,426,0.5,0.5,0,1,Global Investors
C0854,Individual,M,USA,California,81,Home,No,Website,4,3,1419031.6099999999,473010.5366666666,622276.58,1454.4099999999999,3,214,0.6666666666666666,0.3333333333333333,2,1,Luxury Investors
C0855,Individual,F,Australia,Queensland,52,Home,No,Website,4,4,1198702.15,299675.5375,439175.81,1114.2125,4,610,1.0,0.0,1,0,First-Time Buyers
C0856,Individual,F,USA,Florida,61,Home,Yes,Website,5,4,1565508.99,391377.2475,557814.29,1226.185,4,306,1.0,0.0,2,0,Luxury Investors
C0857,Individual,F,USA,California,74,Investment,Yes,Website,1,4,1431064.56,357766.14,532766.89,1146.2825,4,549,0.5,0.5,0,1,Global Investors
C0858,Individual,M,USA,Nevada,31,Home,No,Website,1,3,972150.6,324050.2,377504.51,1156.5633333333333,3,335,0.6666666666666666,0.3333333333333333,0,1,Global Investors
C0859,Individual,F,USA,California,83,Home,Yes,Agency,2,4,1440623.8900000001,360155.97250000003,641122.99,1154.105,4,639,1.0,0.0,2,0,Luxury Investors
C0860,Individual,F,USA,Utah,57,Home,Yes,Website,5,4,1362579.84,340644.96,491343.75,1148.025,4,395,1.0,0.0,1,0,First-Time Buyers
C0861,Individual,F,France,Brittany,31,Investment,No,Agency,2,3,1527460.57,509153.5233333334,530773.97,1635.6233333333332,3,366,0.6666666666666666,0.3333333333333333,2,1,Luxury Investors
C0862,Individual,F,USA,Colorado,44,Investment,No,Website,1,3,1354421.9100000001,451473.97000000003,605272.25,1527.8633333333335,3,334,1.0,0.0,2,2,Luxury Investors
C0863,Individual,M,Belgium,Wallonia,50,Home,Yes,Agency,5,4,1107744.96,276936.24,331782.88,984.6475,4,305,1.0,0.0,1,2,First-Time Buyers
C0864,Individual,M,USA,Texas,55,Home,No,Website,3,3,1085548.02,361849.34,436782.69,1156.5633333333333,3,608,0.6666666666666666,0.3333333333333333,0,1,Global Investors
C0865,Individual,F,USA,Colorado,50,Investment,Yes,Website,5,4,1268059.13,317014.7825,590633.76,1008.395,4,305,0.75,0.25,0,1,Global Investors
C0866,Individual,M,Belgium,Brussels,38,Home,No,Agency,3,4,1331713.08,332928.27,467860.91,1148.025,4,639,1.0,0.0,1,0,First-Time Buyers
C0867,Individual,F,USA,California,58,Home,No,Agency,2,3,1028747.3,342915.76666666666,434559.42,1146.2633333333333,3,213,1.0,0.0,1,2,First-Time Buyers
C0868,Individual,F,USA,Florida,80,Home,Yes,Agency,3,3,987211.1699999999,329070.38999999996,390539.15,1049.3799999999999,3,396,0.6666666666666666,0.3333333333333333,0,1,Global Investors
C0869,Individual,M,USA,California,32,Home,No,Agency,4,3,858807.13,286269.04333333333,338104.13,1012.96,3,609,1.0,0.0,1,2,First-Time Buyers
C0870,Company,F,UK,Northern Ireland,59,Home,Yes,Website,2,4,1097902.26,274475.565,384011.41,909.9825,4,549,0.75,0.25,0,3,Global Investors
C0871,Individual,F,USA,Virginia,36,Home,Yes,Website,1,4,1939848.53,484962.1325,612113.6,1524.2725,4,153,0.75,0.25,2,0,Luxury Investors
C0872,Individual,F,UK,England,82,Home,No,Website,4,4,1462320.39,365580.0975,455019.48,1326.2525,4,455,1.0,0.0,2,0,Luxury Investors
C0873,Individual,M,USA,New York,85,Home,No,Website,2,3,1325777.78,441925.9266666667,554502.82,1463.22,3,639,1.0,0.0,2,2,Luxury Investors
C0874,Individual,F,Belgium,Flanders,72,Investment,No,Website,2,4,1490289.1099999999,372572.27749999997,604547.34,1186.5225,4,394,1.0,0.0,2,2,Luxury Investors
C0875,Individual,M,Canada,Manitoba,53,Home,No,Website,4,3,1308981.48,436327.16,551578.92,1370.5533333333333,3,153,1.0,0.0,2,2,Luxury Investors
C0876,Individual,M,USA,California,52,Home,No,Client,3,3,873771.52,291257.17333333334,349877.5,971.1899999999999,3,486,1.0,0.0,1,2,First-Time Buyers
C0877,Individual,F,USA,Utah,27,Investment,Yes,Agency,2,3,1407650.4,469216.8,573266.03,1493.243333333333,3,123,0.6666666666666666,0.3333333333333333,2,1,Luxury Investors
C0878,Individual,F,USA,Nevada,80,Home,Yes,Website,4,3,970670.1499999999,323556.7166666666,532017.08,1008.13,3,547,1.0,0.0,1,2,First-Time Buyers
C0879,Individual,M,UK,Northern Ireland,80,Home,Yes,Website,4,3,1349121.32,449707.1066666667,610364.02,1463.22,3,304,1.0,0.0,2,2,Luxury Investors
C0880,Individual,F,USA,New York,84,Home,No,Website,2,4,1390002.6400000001,347500.66000000003,485278.06,1151.37,4,426,0.75,0.25,0,1,Global Investors
C0881,Individual,F,USA,Colorado,71,Investment,No,Website,1,4,1247321.2,311830.3,542053.98,1136.6925,4,547,0.75,0.25,0,1,Global Investors
C0882,Individual,M,UK,Wales,25,Home,No,Website,3,3,1142828.1400000001,380942.7133333334,466293.15,1435.6633333333332,3,578,0.6666666666666666,0.3333333333333333,0,1,Global Investors
C0883,Individual,M,USA,Texas,79,Home,No,Client,4,4,1979258.27,494814.5675,555330.51,1699.3675,4,214,1.0,0.0,2,0,Luxury Investors
C0884,Individual,M,USA,Nevada,76,Home,No,Website,2,3,1021697.5,340565.8333333333,423868.45,1209.64,3,304,0.6666666666666666,0.3333333333333333,0,1,Global Investors
C0885,Individual,M,Canada,British Columbia,84,Investment,Yes,Agency,2,3,1540844.02,513614.67333333334,661095.49,1671.7666666666667,3,151,1.0,0.0,2,2,Luxury Investors
C0886,Individual,M,USA,California,64,Home,Yes,Agency,3,3,807556.47,269185.49,441789.19,941.2099999999999,3,426,1.0,0.0,1,2,First-Time Buyers
C0887,Individual,F,USA,California,32,Home,No,Agency,3,4,1247287.09,311821.7725,460816.43,1012.5575,4,518,0.75,0.25,0,1,Global Investors
C0888,Individual,F,Germany,Berlin,38,Home,Yes,Website,4,4,1104713.19,276178.2975,506626.34,933.355,4,518,0.5,0.5,0,1,Global Investors
C0889,Individual,M,USA,Nevada,40,Investment,Yes,Website,4,3,1339350.5899999999,446450.1966666666,525586.98,1451.2533333333333,3,700,1.0,0.0,2,2,Luxury Investors
C0890,Individual,F,USA,Virginia,70,Investment,Yes,Website,3,4,1138394.29,284598.5725,480775.4,922.66,4,425,1.0,0.0,1,2,First-Time Buyers
C0891,Individual,M,Germany,North Rhine-Westphalia,55,Investment,Yes,Website,1,4,1340373.08,335093.27,544032.25,1154.105,4,182,0.75,0.25,0,2,Global Investors
C0892,Individual,F,USA,California,67,Investment,Yes,Website,2,3,984121.3999999999,328040.4666666666,448877.05,1167.24,3,426,0.6666666666666666,0.3333333333333333,0,1,Global Investors
C0893,Individual,F,USA,Colorado,30,Home,Yes,Website,3,4,1695839.47,423959.8675,603155.94,1329.5925,4,426,1.0,0.0,2,0,Luxury Investors
C0894,Individual,M,USA,Georgia,72,Home,No,Website,5,3,882067.47,294022.49,301693.78,932.37,3,273,1.0,0.0,1,2,First-Time Buyers
C0895,Individual,F,USA,Arizona,72,Investment,Yes,Website,4,3,1127680.6,375893.5333333334,502145.17,1280.28,3,700,1.0,0.0,2,2,Luxury Investors
C0896,Individual,M,France,Brittany,55,Home,Yes,Agency,4,4,1157933.44,289483.36,403361.09,935.765,4,579,0.75,0.25,0,1,Global Investors
C0897,Individual,F,Australia,Victoria,54,Home,No,Website,1,3,745691.65,248563.88333333333,364650.23,801.46,3,60,1.0,0.0,1,2,First-Time Buyers
C0898,Individual,F,USA,Arizona,72,Investment,Yes,Agency,5,4,836494.02,209123.505,318001.46,706.0875,4,395,0.75,0.25,0,1,Global Investors
C0899,Company,F,USA,Washington,37,Investment,No,Website,2,3,1050407.63,350135.87666666665,481540.5,1076.6899999999998,3,92,1.0,0.0,1,3,First-Time Buyers
C0900,Individual,F,Germany,North Rhine-Westphalia,26,Home,No,Agency,4,3,606058.22,202019.40666666665,316820.96,753.3133333333334,3,304,1.0,0.0,1,2,First-Time Buyers
C0901,Individual,M,France,Brittany,26,Investment,No,Agency,4,3,909138.8400000001,303046.28,535623.53,909.0566666666667,3,518,1.0,0.0,1,2,First-Time Buyers
C0902,Company,F,UK,Northern Ireland,61,Home,Yes,Agency,3,4,1281064.76,320266.19,457348.2,1068.57,4,640,1.0,0.0,1,3,First-Time Buyers
C0903,Individual,F,USA,Texas,33,Investment,No,Website,3,3,1108147.6099999999,369382.5366666666,427664.89,1240.6066666666666,3,305,1.0,0.0,1,2,First-Time Buyers
C0904,Individual,F,Russia,Saint Petersburg,41,Home,Yes,Website,1,4,1050355.29,262588.8225,391528.7,883.805,4,488,0.75,0.25,0,1,Global Investors
C0905,Individual,F,USA,Virginia,32,Home,Yes,Website,5,3,877477.72,292492.5733333333,408310.1,927.6066666666666,3,153,1.0,0.0,1,2,First-Time Buyers
C0906,Individual,F,USA,California,56,Investment,No,Website,5,4,1757967.56,439491.89,571612.79,1458.93,4,578,0.75,0.25,2,0,Luxury Investors
C0907,Individual,F,USA,California,52,Home,No,Agency,3,3,1375380.46,458460.1533333333,574177.29,1459.1899999999998,3,700,1.0,0.0,2,2,Luxury Investors
C0908,Individual,M,USA,California,65,Home,Yes,Agency,4,4,1129941.35,282485.3375,467397.36,825.1325,4,579,0.75,0.25,0,1,Global Investors
C0909,Individual,M,USA,California,58,Investment,Yes,Agency,1,4,1529455.73,382363.9325,595281.62,1183.04,4,517,0.5,0.5,0,1,Global Investors
C0910,Individual,F,USA,Texas,54,Home,Yes,Agency,3,3,1293598.48,431199.49333333335,705817.01,1238.36,3,212,0.6666666666666666,0.3333333333333333,0,1,Global Investors
C0911,Individual,M,USA,California,36,Home,No,Website,4,4,1310405.32,327601.33,589085.76,972.335,4,456,1.0,0.0,1,0,First-Time Buyers
C0912,Individual,F,USA,California,76,Home,No,Agency,1,3,1322130.05,440710.01666666666,617512.0,1351.4633333333334,3,639,0.6666666666666666,0.3333333333333333,2,1,Luxury Investors
C0913,Individual,M,USA,California,26,Home,No,Agency,4,4,1935637.92,483909.48,586679.08,1552.15,4,426,0.75,0.25,2,0,Luxury Investors
C0914,Individual,F,France,Provence,77,Investment,No,Website,4,4,1124290.78,281072.695,362803.25,984.6475,4,304,0.75,0.25,0,1,Global Investors
C0915,Individual,M,USA,Florida,77,Home,No,Agency,2,3,1309768.71,436589.57,589191.73,1283.46,3,243,1.0,0.0,2,2,Luxury Investors
C0916,Individual,M,Russia,Moscow Oblast,37,Home,No,Website,2,4,1377591.46,344397.865,478922.56,1114.105,4,214,1.0,0.0,1,0,First-Time Buyers
C0917,Individual,M,USA,Arizona,56,Home,Yes,Agency,2,3,756785.49,252261.83,300300.85,851.4266666666667,3,212,1.0,0.0,1,2,First-Time Buyers
C0918,Individual,F,Australia,Western Australia,25,Home,No,Client,4,3,1461361.8699999999,487120.6233333333,591434.36,1583.2166666666665,3,304,0.6666666666666666,0.3333333333333333,2,1,Luxury Investors
C0919,Individual,F,Canada,Quebec,50,Investment,No,Agency,5,3,1059524.55,353174.85000000003,486833.55,1179.5233333333333,3,486,1.0,0.0,1,2,First-Time Buyers
C0920,Individual,M,USA,California,52,Home,No,Website,4,3,878368.79,292789.5966666667,447905.13,934.4333333333334,3,457,1.0,0.0,1,2,First-Time Buyers
C0921,Individual,F,Australia,New South Wales,26,Home,No,Agency,4,3,802736.76,267578.92,331896.95,900.46,3,334,1.0,0.0,1,2,First-Time Buyers
C0922,Individual,M,Australia,Victoria,83,Investment,Yes,Website,4,3,1105753.98,368584.66,442539.26,1200.3500000000001,3,457,1.0,0.0,1,2,First-Time Buyers
C0923,Individual,F,USA,Oregon,75,Home,No,Client,3,4,1183422.85,295855.7125,554198.64,1035.1925,4,609,1.0,0.0,1,0,First-Time Buyers
C0924,Individual,F,USA,California,37,Home,No,Website,4,4,1558670.83,389667.7075,535687.32,1313.38,4,518,0.75,0.25,2,1,Luxury Investors
C0925,Individual,M,Germany,Hamburg,81,Home,No,Website,2,3,1308035.02,436011.67333333334,523966.96,1471.8999999999999,3,426,0.6666666666666666,0.3333333333333333,2,1,Luxury Investors
C0926,Individual,F,USA,California,64,Home,No,Website,3,3,1078841.73,359613.91,416303.05,1207.6466666666668,3,457,0.3333333333333333,0.6666666666666666,0,1,Global Investors
C0927,Individual,F,France,Ile-de-France,63,Home,No,Client,4,3,933499.38,311166.46,571089.66,952.2633333333333,3,395,0.6666666666666666,0.3333333333333333,0,1,Global Investors
C0928,Individual,M,USA,California,75,Home,Yes,Agency,1,3,758070.13,252690.04333333333,392319.37,883.7466666666666,3,245,0.6666666666666666,0.3333333333333333,0,1,Global Investors
C0929,Individual,M,USA,Washington,71,Home,No,Website,4,3,1167841.72,389280.5733333333,407054.73,1117.9399999999998,3,579,1.0,0.0,1,2,First-Time Buyers
C0930,Individual,F,USA,Washington,32,Investment,Yes,Agency,1,3,924305.53,308101.8433333333,410092.17,1110.6233333333332,3,335,1.0,0.0,1,2,First-Time Buyers
C0931,Individual,M,USA,Nevada,48,Investment,Yes,Client,2,3,997418.61,332472.87,380782.35,1090.9466666666667,3,334,1.0,0.0,1,2,First-Time Buyers
C0932,Individual,F,USA,New York,76,Home,No,Website,5,4,1468310.6600000001,367077.66500000004,567793.82,1196.9724999999999,4,335,1.0,0.0,2,0,Luxury Investors
C0933,Individual,F,USA,California,70,Home,No,Website,4,3,1077170.94,359056.98,411210.31,1155.4633333333334,3,518,0.6666666666666666,0.3333333333333333,0,1,Global Investors
C0934,Individual,F,UK,Northern Ireland,82,Investment,Yes,Website,5,3,912489.5900000001,304163.1966666667,426691.03,1086.9833333333333,3,122,1.0,0.0,1,2,First-Time Buyers
C0935,Individual,F,Canada,Manitoba,25,Home,No,Agency,4,3,1133032.49,377677.49666666664,459433.77,1221.6766666666665,3,213,0.6666666666666666,0.3333333333333333,0,1,Global Investors
C0936,Individual,F,USA,California,74,Home,No,Client,3,3,782945.97,260981.99,312643.26,879.3433333333332,3,486,0.6666666666666666,0.3333333333333333,0,1,Global Investors
C0937,Individual,M,USA,Arizona,43,Home,No,Client,5,4,1370340.9100000001,342585.22750000004,462252.41,1127.3175,4,549,1.0,0.0,1,0,First-Time Buyers
C0938,Individual,M,Russia,Krasnodar Krai,62,Home,No,Website,4,3,854217.7,284739.23333333334,448751.61,851.87,3,456,1.0,0.0,1,2,First-Time Buyers
C0939,Individual,F,Belgium,Brussels,47,Investment,No,Website,1,4,1190833.68,297708.42,478857.61,996.3625,4,396,1.0,0.0,1,2,First-Time Buyers
C0940,Individual,M,USA,Virginia,40,Investment,No,Website,5,4,1628937.85,407234.4625,627200.92,1332.2825,4,244,0.75,0.25,2,0,Luxury Investors
C0941,Individual,F,Mexico,Jalisco,70,Home,No,Agency,1,3,1028314.09,342771.36333333334,410663.51,1089.46,3,365,0.6666666666666666,0.3333333333333333,0,1,Global Investors
C0942,Individual,F,USA,California,34,Home,No,Website,1,4,1402631.76,350657.94,500962.79,1008.6625,4,670,1.0,0.0,1,0,First-Time Buyers
C0943,Individual,F,Canada,Manitoba,68,Investment,No,Website,5,3,975048.28,325016.0933333333,404116.95,1129.1766666666665,3,456,0.6666666666666666,0.3333333333333333,0,1,Global Investors
C0944,Individual,F,USA,Florida,69,Home,No,Website,2,3,1256722.03,418907.3433333333,673008.78,1283.46,3,456,0.6666666666666666,0.3333333333333333,0,1,Global Investors
C0945,Individual,F,France,Provence,80,Home,No,Website,4,3,973406.55,324468.85000000003,415439.74,1102.8633333333335,3,426,1.0,0.0,1,2,First-Time Buyers
C0946,Individual,F,USA,Nevada,79,Investment,Yes,Agency,3,3,827605.63,275868.54333333333,378567.66,897.3100000000001,3,304,1.0,0.0,1,2,First-Time Buyers
C0947,Individual,F,USA,Texas,44,Home,No,Website,2,3,1096583.29,365527.76333333337,488382.72,1190.3133333333333,3,273,1.0,0.0,1,2,First-Time Buyers
C0948,Individual,F,USA,California,36,Investment,Yes,Website,3,4,1532000.51,383000.1275,465555.5,1299.3675,4,547,0.5,0.5,0,0,Global Investors
C0949,Individual,F,USA,Colorado,82,Investment,Yes,Client,5,4,1397057.95,349264.4875,679222.65,1102.2725,4,518,0.75,0.25,0,1,Global Investors
C0950,Individual,F,USA,Texas,34,Investment,No,Website,5,4,1418212.48,354553.12,518468.37,1146.9925,4,609,0.75,0.25,0,0,Global Investors
C0951,Individual,F,Mexico,Nuevo Leon,27,Home,Yes,Client,1,4,1658301.92,414575.48,601046.95,1290.8,4,365,1.0,0.0,2,0,Luxury Investors
C0952,Individual,F,USA,Oregon,66,Home,No,Website,5,4,1886501.9300000002,471625.48250000004,548316.4,1510.65,4,548,0.75,0.25,2,0,Luxury Investors
C0953,Company,M,USA,Washington,30,Home,Yes,Website,5,3,639815.0,213271.66666666666,294124.85,839.1433333333334,3,31,1.0,0.0,1,3,First-Time Buyers
C0954,Individual,M,France,Brittany,75,Investment,Yes,Agency,4,4,1493788.0,373447.0,533253.25,1204.4975,4,518,0.75,0.25,0,1,Global Investors
C0955,Individual,F,USA,California,56,Home,No,Website,1,3,1098111.78,366037.26,398094.9,1205.9633333333334,3,549,1.0,0.0,1,2,First-Time Buyers
C0956,Individual,M,USA,California,59,Home,Yes,Website,1,4,1647197.45,411799.3625,512614.55,1294.645,4,304,0.75,0.25,2,0,Luxury Investors
C0957,Company,M,USA,Oregon,64,Home,Yes,Client,2,4,1295242.02,323810.505,438504.35,1072.5575,4,337,1.0,0.0,1,3,First-Time Buyers
C0958,Individual,F,USA,Nevada,34,Home,Yes,Website,1,4,936091.4500000001,234022.86250000002,319340.28,834.6575,4,488,1.0,0.0,1,2,First-Time Buyers
C0959,Individual,M,USA,California,73,Home,No,Agency,3,4,1840159.66,460039.915,590672.73,1572.79,4,579,1.0,0.0,2,0,Luxury Investors
C0960,Individual,F,USA,Arizona,65,Investment,Yes,Client,1,4,1380084.58,345021.145,499350.81,1148.2475,4,396,0.75,0.25,0,1,Global Investors
C0961,Individual,M,UK,Wales,51,Home,Yes,Website,2,4,1681311.67,420327.9175,693731.35,1271.345,4,394,1.0,0.0,2,0,Luxury Investors
C0962,Individual,M,USA,California,85,Home,No,Website,4,4,1335726.82,333931.705,523288.27,1114.2125,4,639,1.0,0.0,1,0,First-Time Buyers
C0963,Individual,M,Canada,Alberta,84,Home,No,Agency,4,3,598874.99,199624.99666666667,222973.92,678.9699999999999,3,487,0.6666666666666666,0.3333333333333333,0,1,Global Investors
C0964,Individual,F,USA,California,72,Home,No,Website,4,3,1015121.6900000001,338373.89666666667,485910.88,1168.3833333333334,3,366,1.0,0.0,1,2,First-Time Buyers
C0965,Individual,F,USA,New York,64,Investment,No,Website,3,3,840199.6100000001,280066.5366666667,359492.59,862.1066666666666,3,425,0.6666666666666666,0.3333333333333333,0,1,Global Investors
C0966,Company,M,USA,California,30,Investment,No,Website,3,4,1606785.0499999998,401696.26249999995,470809.32,1510.34,4,335,0.75,0.25,2,3,Luxury Investors
C0967,Individual,F,USA,California,66,Home,No,Agency,2,3,705599.66,235199.8866666667,283671.4,879.3433333333332,3,426,0.6666666666666666,0.3333333333333333,0,1,Global Investors
C0968,Individual,F,USA,Arizona,30,Home,No,Website,4,3,1089074.71,363024.9033333333,514916.07,1168.3833333333334,3,488,0.6666666666666666,0.3333333333333333,0,1,Global Investors
C0969,Individual,F,Russia,Tatarstan,49,Investment,Yes,Agency,1,3,1118760.19,372920.0633333333,635034.32,1186.4366666666667,3,518,0.6666666666666666,0.3333333333333333,0,1,Global Investors
C0970,Individual,M,Denmark,North Denmark,39,Home,Yes,Website,3,4,1596404.25,399101.0625,594737.23,1313.38,4,669,0.75,0.25,2,0,Luxury Investors
C0971,Individual,F,USA,Colorado,56,Investment,Yes,Website,5,4,1278450.05,319612.5125,539007.54,1011.23,4,669,1.0,0.0,1,2,First-Time Buyers
C0972,Individual,F,USA,Arizona,61,Home,No,Agency,5,4,1298009.03,324502.2575,578906.36,1072.985,4,30,1.0,0.0,1,0,First-Time Buyers
C0973,Individual,M,USA,California,33,Investment,No,Client,2,4,1595817.1600000001,398954.29000000004,617314.75,1210.7375000000002,4,365,0.75,0.25,2,0,Luxury Investors
C0974,Individual,M,USA,New York,64,Home,No,Agency,1,4,1210990.11,302747.5275,589033.68,1008.395,4,425,1.0,0.0,1,0,First-Time Buyers
C0975,Individual,M,USA,Utah,79,Home,No,Website,4,3,941310.61,313770.2033333333,387772.79,1050.08,3,609,1.0,0.0,1,2,First-Time Buyers
C0976,Individual,M,USA,California,42,Home,Yes,Website,4,4,1206149.98,301537.495,437270.83,947.7475000000001,4,365,0.75,0.25,0,1,Global Investors
C0977,Individual,M,USA,California,29,Home,No,Agency,1,3,944672.95,314890.98333333334,465826.16,1092.5066666666667,3,669,1.0,0.0,1,2,First-Time Buyers
C0978,Individual,F,USA,California,62,Home,Yes,Website,4,3,1449360.9100000001,483120.3033333334,511639.2,1526.9566666666667,3,335,1.0,0.0,2,2,Luxury Investors
C0979,Individual,F,Canada,Quebec,85,Investment,No,Website,4,3,864661.4500000001,288220.48333333334,387129.95,939.3299999999999,3,31,1.0,0.0,1,2,First-Time Buyers
C0980,Individual,M,USA,New York,83,Investment,Yes,Website,1,3,1156326.6400000001,385442.2133333334,459833.04,1392.5566666666666,3,518,0.6666666666666666,0.3333333333333333,0,1,Global Investors
C0981,Individual,F,USA,California,64,Investment,No,Website,1,4,2048324.19,512081.0475,529558.26,1555.2975000000001,4,486,0.75,0.25,2,0,Luxury Investors
C0982,Individual,F,Canada,Manitoba,64,Investment,Yes,Agency,5,3,1443503.73,481167.91,567471.58,1456.36,3,273,1.0,0.0,2,2,Luxury Investors
C0983,Individual,F,Germany,North Rhine-Westphalia,31,Home,No,Website,4,3,803219.7,267739.89999999997,354787.43,899.62,3,273,1.0,0.0,1,2,First-Time Buyers
C0984,Individual,M,Canada,British Columbia,63,Home,Yes,Agency,5,3,1206529.21,402176.4033333333,508281.75,1337.1733333333334,3,455,0.6666666666666666,0.3333333333333333,0,1,Global Investors
C0985,Individual,F,USA,California,71,Home,Yes,Website,1,3,886990.72,295663.5733333333,460231.54,934.4333333333334,3,578,0.6666666666666666,0.3333333333333333,0,1,Global Investors
C0986,Individual,F,Russia,Saint Petersburg,44,Home,No,Website,2,3,1445226.07,481742.0233333334,667262.77,1510.3766666666668,3,183,0.6666666666666666,0.3333333333333333,2,1,Luxury Investors
C0987,Individual,F,Germany,North Rhine-Westphalia,58,Home,Yes,Agency,1,4,1086018.36,271504.59,443461.13,984.12,4,457,0.75,0.25,0,1,Global Investors
C0988,Individual,M,USA,Texas,37,Home,Yes,Agency,3,3,695033.8,231677.93333333335,306320.78,724.0866666666667,3,304,1.0,0.0,1,2,First-Time Buyers
C0989,Individual,F,USA,Oregon,79,Home,No,Website,4,4,1129907.31,282476.8275,498692.85,1035.1925,4,275,0.75,0.25,0,1,Global Investors
C0990,Individual,M,USA,Utah,83,Home,No,Website,4,4,1588383.3599999999,397095.83999999997,495705.73,1321.76,4,455,1.0,0.0,2,0,Luxury Investors
C0991,Individual,F,USA,Nevada,50,Home,No,Website,1,3,1223116.15,407705.3833333333,500394.39,1464.8466666666666,3,212,1.0,0.0,2,2,Luxury Investors
C0992,Individual,M,Denmark,Capital Region,37,Home,Yes,Website,1,4,1478482.61,369620.6525,484664.3,1205.465,4,365,1.0,0.0,2,0,Luxury Investors
C0993,Individual,M,USA,California,71,Home,Yes,Website,2,3,530494.44,176831.47999999998,217783.6,610.62,3,182,1.0,0.0,1,2,First-Time Buyers
C0994,Individual,M,USA,California,49,Home,No,Website,3,4,1379902.8699999999,344975.71749999997,578315.7,1187.8925000000002,4,245,1.0,0.0,1,0,First-Time Buyers
C0995,Individual,F,Australia,New South Wales,76,Home,Yes,Website,1,3,1004120.77,334706.92333333334,570222.0,1037.11,3,395,0.6666666666666666,0.3333333333333333,0,1,Global Investors
C0996,Individual,M,Canada,Manitoba,69,Home,Yes,Client,2,3,888968.0,296322.6666666667,463182.68,941.2099999999999,3,304,0.6666666666666666,0.3333333333333333,0,1,Global Investors
C0997,Individual,M,USA,California,75,Investment,Yes,Agency,3,3,1607877.07,535959.0233333333,578538.26,1654.4733333333334,3,516,0.6666666666666666,0.3333333333333333,2,1,Luxury Investors
C0998,Company,F,USA,Virginia,56,Home,No,Agency,4,4,1230552.15,307638.0375,503618.69,1053.27,4,578,0.75,0.25,0,3,Global Investors
C0999,Individual,F,USA,California,56,Investment,No,Agency,3,3,661984.35,220661.44999999998,322054.98,753.3133333333334,3,609,1.0,0.0,1,2,First-Time Buyers
C1000,Individual,F,USA,Utah,62,Home,Yes,Website,2,4,1629372.23,407343.0575,574257.04,1316.6550000000002,4,243,1.0,0.0,2,0,Luxury Investors
C1001,Individual,M,USA,California,44,Home,No,Website,3,4,1650296.94,412574.235,574884.08,1326.3725,4,547,1.0,0.0,2,0,Luxury Investors
C1002,Individual,M,USA,California,58,Home,No,Website,5,3,1064050.72,354683.5733333333,570302.17,1052.0866666666668,3,244,0.6666666666666666,0.3333333333333333,0,1,Global Investors
C1003,Individual,F,USA,Nevada,48,Home,No,Website,2,3,1164909.23,388303.07666666666,522271.82,1303.7766666666666,3,396,0.6666666666666666,0.3333333333333333,0,1,Global Investors
C1004,Individual,M,USA,Oregon,43,Home,Yes,Website,3,4,1553467.6600000001,388366.91500000004,554713.49,1254.045,4,426,1.0,0.0,2,0,Luxury Investors
C1005,Individual,F,Germany,Hamburg,37,Home,No,Client,3,3,778101.6000000001,259367.20000000004,325562.57,993.0033333333334,3,547,0.6666666666666666,0.3333333333333333,0,1,Global Investors
C1006,Individual,F,USA,Georgia,33,Home,No,Website,1,3,738938.8,246312.93333333335,317877.17,828.39,3,273,1.0,0.0,1,2,First-Time Buyers
C1007,Individual,F,UK,England,77,Home,No,Agency,4,3,813104.68,271034.89333333337,334696.9,847.0366666666667,3,304,0.6666666666666666,0.3333333333333333,0,1,Global Investors
C1008,Company,M,USA,California,38,Home,No,Website,2,4,1018262.69,254565.6725,361077.2,849.79,4,243,1.0,0.0,1,3,First-Time Buyers
C1009,Individual,F,USA,Nevada,75,Investment,Yes,Agency,4,3,741160.04,247053.34666666668,306507.89,971.1899999999999,3,243,1.0,0.0,1,2,First-Time Buyers
C1010,Individual,M,Mexico,Jalisco,61,Home,No,Website,4,4,1331479.73,332869.9325,510151.14,1077.195,4,579,0.75,0.25,0,1,Global Investors
C1011,Individual,F,USA,California,73,Investment,No,Website,1,4,1281389.3900000001,320347.34750000003,476326.35,1075.505,4,366,1.0,0.0,1,2,First-Time Buyers
C1012,Individual,M,USA,New York,65,Home,Yes,Website,4,3,1690270.5,563423.5,599421.75,1736.0333333333335,3,182,0.6666666666666666,0.3333333333333333,2,1,Luxury Investors
C1013,Individual,F,USA,Oregon,31,Home,Yes,Website,1,4,1627907.97,406976.9925,488639.08,1298.145,4,640,0.75,0.25,2,0,Luxury Investors
C1014,Individual,M,USA,California,56,Home,Yes,Website,3,3,1278106.36,426035.45333333337,495367.08,1523.6933333333334,3,366,1.0,0.0,2,2,Luxury Investors
C1015,Individual,M,USA,California,48,Home,Yes,Website,4,3,884426.51,294808.83666666667,471331.07,973.09,3,274,1.0,0.0,1,2,First-Time Buyers
C1016,Individual,F,USA,California,49,Home,Yes,Agency,4,4,1542774.6099999999,385693.65249999997,536215.12,1214.5625,4,245,0.75,0.25,2,0,Luxury Investors
C1017,Individual,F,USA,California,57,Home,Yes,Agency,1,4,1116371.43,279092.8575,457871.48,928.745,4,244,0.75,0.25,0,1,Global Investors
C1018,Individual,F,USA,Colorado,58,Home,Yes,Client,5,3,845680.5700000001,281893.5233333334,347722.15,1033.4833333333333,3,425,1.0,0.0,1,2,First-Time Buyers
C1019,Individual,F,USA,Nevada,50,Home,No,Client,2,3,1167255.18,389085.06,486688.21,1325.0800000000002,3,183,1.0,0.0,2,2,Luxury Investors
C1020,Individual,F,USA,California,31,Home,No,Agency,3,4,1248826.8599999999,312206.71499999997,515392.69,994.0725,4,335,0.75,0.25,0,1,Global Investors
C1021,Individual,M,USA,California,51,Investment,No,Client,1,4,1554739.9,388684.975,505490.44,1340.7775000000001,4,214,0.75,0.25,2,0,Luxury Investors
C1022,Individual,F,USA,Colorado,41,Home,No,Agency,1,4,1389709.13,347427.2825,623455.64,1122.0925,4,579,0.75,0.25,0,1,Global Investors
C1023,Individual,F,USA,Nevada,72,Home,Yes,Website,1,3,1336237.87,445412.62333333335,549773.4,1599.3433333333332,3,426,1.0,0.0,2,2,Luxury Investors
C1024,Individual,M,USA,Arizona,56,Investment,No,Agency,2,3,1351032.92,450344.30666666664,598612.25,1510.3766666666668,3,549,1.0,0.0,2,2,Luxury Investors
C1025,Individual,F,USA,California,78,Home,No,Client,1,3,738424.1799999999,246141.3933333333,276688.99,735.3566666666667,3,122,0.6666666666666666,0.3333333333333333,0,1,Global Investors
C1026,Individual,M,USA,California,34,Investment,No,Agency,1,3,1440775.1,480258.3666666667,582011.89,1452.2633333333333,3,212,1.0,0.0,2,2,Luxury Investors
C1027,Individual,M,USA,California,49,Investment,Yes,Client,1,3,1554407.81,518135.9366666667,532123.09,1649.26,3,610,0.6666666666666666,0.3333333333333333,2,1,Luxury Investors
C1028,Individual,M,USA,California,83,Home,Yes,Website,1,4,1143826.71,285956.6775,479050.0,984.12,4,578,1.0,0.0,1,0,First-Time Buyers
C1029,Individual,M,Australia,Victoria,76,Home,No,Agency,1,3,946560.97,315520.3233333333,409647.06,1049.3799999999999,3,486,1.0,0.0,1,2,First-Time Buyers
C1030,Individual,F,USA,Ohio,65,Home,No,Website,4,4,1353543.06,338385.765,406491.67,1070.475,4,214,1.0,0.0,1,0,First-Time Buyers
C1031,Individual,M,UK,England,36,Home,No,Website,1,3,1011333.2,337111.06666666665,394120.88,1088.5866666666668,3,92,0.6666666666666666,0.3333333333333333,0,1,Global Investors
C1032,Individual,M,USA,Nevada,48,Home,No,Website,5,4,1494289.73,373572.4325,566395.41,1086.2275,4,487,1.0,0.0,2,0,Luxury Investors
C1033,Individual,M,France,Ile-de-France,63,Home,No,Website,2,4,1496120.51,374030.1275,507541.5,1313.38,4,487,0.75,0.25,2,1,Luxury Investors
C1034,Individual,F,USA,Colorado,46,Home,No,Client,5,4,1200049.6,300012.4,429156.03,970.375,4,457,0.75,0.25,0,1,Global Investors
C1035,Individual,M,USA,Virginia,64,Home,No,Website,2,4,1528550.1300000001,382137.53250000003,550601.55,1227.17,4,486,0.5,0.5,0,1,Global Investors
C1036,Individual,F,USA,Oregon,37,Home,No,Agency,2,3,1176436.08,392145.36000000004,443662.17,1350.4933333333333,3,214,1.0,0.0,2,2,Luxury Investors
C1037,Company,M,Mexico,Baja California,55,Home,Yes,Website,2,3,1115637.13,371879.0433333333,499833.64,1190.3133333333333,3,92,0.6666666666666666,0.3333333333333333,0,3,Global Investors
C1038,Individual,M,USA,California,66,Investment,No,Website,3,3,907128.2000000001,302376.0666666667,419687.28,939.3299999999999,3,213,1.0,0.0,1,2,First-Time Buyers
C1039,Individual,M,USA,California,63,Home,Yes,Agency,1,4,1428452.94,357113.235,585383.34,1210.7375000000002,4,670,1.0,0.0,2,0,Luxury Investors
C1040,Individual,M,USA,California,85,Investment,Yes,Website,5,3,901095.79,300365.26333333337,332452.89,992.2199999999999,3,395,1.0,0.0,1,2,First-Time Buyers
C1041,Individual,F,USA,Nevada,35,Home,Yes,Website,5,3,1150040.79,383346.93,402848.9,1303.7766666666666,3,334,1.0,0.0,2,2,Luxury Investors
C1042,Individual,F,USA,Nevada,80,Home,No,Agency,2,4,1325783.46,331445.865,530985.4,1122.0925,4,306,1.0,0.0,1,0,First-Time Buyers
C1043,Individual,F,USA,Washington,26,Home,No,Website,5,3,1067911.8599999999,355970.61999999994,426620.64,1357.1933333333334,3,304,1.0,0.0,1,2,First-Time Buyers
C1044,Individual,M,USA,Nevada,54,Investment,No,Website,5,4,1368036.3900000001,342009.09750000003,443365.72,1145.535,4,639,1.0,0.0,1,2,First-Time Buyers
C1045,Individual,F,USA,New York,83,Home,No,Website,3,3,974840.03,324946.6766666667,425602.22,1060.1133333333335,3,92,0.3333333333333333,0.6666666666666666,0,1,Global Investors
C1046,Individual,F,Canada,Quebec,56,Home,Yes,Website,4,4,1301128.39,325282.0975,517811.18,1049.6999999999998,4,670,1.0,0.0,1,0,First-Time Buyers
C1047,Individual,M,USA,Virginia,41,Home,No,Website,3,3,1333737.83,444579.2766666667,547111.08,1454.5733333333335,3,184,1.0,0.0,2,2,Luxury Investors
C1048,Individual,F,USA,Oregon,55,Investment,No,Agency,1,3,1349339.41,449779.8033333333,583294.59,1439.256666666667,3,214,0.6666666666666666,0.3333333333333333,2,1,Luxury Investors
C1049,Individual,F,USA,California,85,Investment,No,Website,5,3,1214294.1600000001,404764.72000000003,500013.28,1451.5366666666669,3,426,1.0,0.0,2,2,Luxury Investors
C1050,Individual,M,USA,Georgia,70,Home,Yes,Website,4,4,1274655.09,318663.7725,446439.12,1192.72,4,334,1.0,0.0,1,0,First-Time Buyers
C1051,Individual,F,USA,Virginia,67,Home,Yes,Agency,1,3,894972.26,298324.08666666667,543773.78,1016.7433333333333,3,214,0.6666666666666666,0.3333333333333333,0,1,Global Investors
C1052,Individual,F,USA,Utah,72,Home,Yes,Agency,1,4,1008000.54,252000.135,296702.8,836.9425,4,304,1.0,0.0,1,2,First-Time Buyers
C1053,Individual,M,Mexico,Nuevo Leon,51,Home,Yes,Website,2,3,1280976.9,426992.3,630342.5,1336.61,3,486,1.0,0.0,2,2,Luxury Investors
C1054,Individual,M,USA,Arizona,36,Home,Yes,Website,2,3,837920.5800000001,279306.86000000004,317911.69,879.3433333333332,3,488,0.6666666666666666,0.3333333333333333,0,1,Global Investors
C1055,Individual,M,USA,New York,53,Investment,Yes,Website,2,3,811498.78,270499.5933333333,373299.4,926.3966666666666,3,212,0.6666666666666666,0.3333333333333333,0,1,Global Investors
C1056,Individual,M,USA,Colorado,46,Home,Yes,Website,1,3,1436352.77,478784.25666666665,499350.78,1754.9366666666667,3,306,0.6666666666666666,0.3333333333333333,2,1,Luxury Investors
C1057,Individual,M,USA,Nevada,31,Investment,No,Website,5,4,1430593.53,357648.3825,521044.57,1301.4,4,337,1.0,0.0,2,2,Luxury Investors
C1058,Individual,F,Germany,Bavaria,52,Home,Yes,Website,3,4,1526007.8199999998,381501.95499999996,532913.83,1190.4075,4,548,0.75,0.25,2,0,Luxury Investors
C1059,Individual,F,USA,California,47,Home,No,Website,4,3,1266979.76,422326.58666666667,580992.98,1422.97,3,335,0.3333333333333333,0.6666666666666666,0,1,Global Investors
C1060,Individual,M,USA,Nevada,85,Home,No,Agency,5,3,1167625.18,389208.3933333333,557611.23,1321.5033333333333,3,518,1.0,0.0,2,2,Luxury Investors
C1061,Individual,F,UK,Scotland,65,Home,No,Website,1,4,1689767.29,422441.8225,575615.86,1422.9925,4,487,1.0,0.0,2,0,Luxury Investors
C1062,Individual,M,USA,California,50,Home,No,Agency,4,4,1766882.53,441720.6325,704808.48,1406.6075,4,182,1.0,0.0,2,0,Luxury Investors
C1063,Individual,F,USA,New York,37,Investment,Yes,Website,5,3,1315820.94,438606.98,496232.48,1354.2933333333333,3,245,0.6666666666666666,0.3333333333333333,2,1,Luxury Investors
C1064,Individual,M,USA,California,80,Home,Yes,Website,5,3,695434.77,231811.59,348131.23,883.7466666666668,3,700,0.6666666666666666,0.3333333333333333,0,1,Global Investors
C1065,Individual,M,USA,Georgia,70,Home,Yes,Client,3,3,1107631.34,369210.4466666667,450186.35,1263.5766666666666,3,304,1.0,0.0,1,2,First-Time Buyers
C1066,Individual,F,Australia,Victoria,84,Home,No,Website,1,4,1208868.77,302217.1925,538035.23,990.9875000000001,4,609,0.75,0.25,0,1,Global Investors
C1067,Individual,M,Mexico,Jalisco,83,Investment,No,Agency,4,3,849001.36,283000.4533333333,324856.86,904.0466666666667,3,243,0.6666666666666666,0.3333333333333333,0,1,Global Investors
C1068,Individual,F,USA,California,41,Home,No,Agency,3,3,1403831.31,467943.77,524955.14,1609.0333333333335,3,670,0.6666666666666666,0.3333333333333333,2,1,Luxury Investors
C1069,Individual,M,USA,Virginia,33,Home,Yes,Agency,3,3,1323760.8399999999,441253.6133333333,580190.12,1413.0600000000002,3,396,1.0,0.0,2,2,Luxury Investors
C1070,Individual,F,Germany,Bavaria,74,Home,No,Agency,5,3,1286265.1400000001,428755.0466666667,453127.52,1471.8999999999999,3,670,1.0,0.0,2,2,Luxury Investors
C1071,Individual,M,USA,Texas,59,Home,No,Agency,2,4,1047375.62,261843.905,393101.99,874.6275,4,366,0.75,0.25,0,1,Global Investors
C1072,Individual,F,USA,Utah,63,Home,No,Agency,3,3,829884.93,276628.31,335251.84,979.0866666666667,3,639,1.0,0.0,1,2,First-Time Buyers
C1073,Individual,M,USA,California,70,Investment,No,Website,2,4,1197808.83,299452.2075,333845.6,952.0525,4,426,1.0,0.0,1,2,First-Time Buyers
C1074,Individual,M,UK,Northern Ireland,71,Home,No,Website,1,3,1004700.45,334900.14999999997,467335.84,1092.5400000000002,3,396,0.6666666666666666,0.3333333333333333,0,1,Global Investors
C1075,Individual,F,Mexico,Baja California,50,Home,No,Website,3,4,1178400.08,294600.02,445987.2,984.9525,4,304,0.5,0.5,0,1,Global Investors
C1076,Individual,F,USA,Florida,45,Investment,No,Agency,3,3,884169.44,294723.14666666667,445754.21,976.8166666666666,3,486,1.0,0.0,1,2,First-Time Buyers
C1077,Individual,M,USA,Texas,43,Investment,No,Agency,2,4,1467449.24,366862.31,537661.98,1245.935,4,242,0.75,0.25,0,0,Global Investors
C1078,Individual,M,USA,Ohio,85,Home,No,Agency,1,3,1247337.58,415779.19333333336,491669.54,1303.7766666666666,3,518,1.0,0.0,2,2,Luxury Investors
C1079,Individual,M,USA,California,66,Investment,Yes,Website,4,3,1151228.31,383742.77,557229.76,1336.61,3,365,1.0,0.0,2,2,Luxury Investors
C1080,Individual,F,UK,England,69,Investment,No,Agency,4,4,1594795.52,398698.88,482594.96,1425.28,4,396,1.0,0.0,2,2,Luxury Investors
C1081,Company,M,Russia,Novosibirsk,51,Home,Yes,Agency,4,3,1006584.7,335528.23333333334,455284.06,1203.39,3,244,1.0,0.0,1,3,First-Time Buyers
C1082,Individual,F,USA,Oregon,32,Investment,Yes,Website,5,3,829499.85,276499.95,388642.3,953.1133333333333,3,275,1.0,0.0,1,2,First-Time Buyers
C1083,Individual,F,USA,Colorado,75,Investment,No,Agency,4,4,1145122.1,286280.525,413563.21,939.4875,4,394,0.75,0.25,0,1,Global Investors
C1084,Individual,F,France,Ile-de-France,36,Home,No,Agency,4,4,1357921.15,339480.2875,498074.48,1136.6925,4,487,0.75,0.25,0,1,Global Investors
C1085,Individual,F,Australia,Queensland,78,Investment,No,Client,1,3,797675.03,265891.6766666667,291083.4,994.8266666666667,3,304,1.0,0.0,1,2,First-Time Buyers
C1086,Individual,M,USA,Colorado,69,Home,Yes,Website,1,4,1339827.27,334956.8175,464470.15,1030.21,4,396,0.75,0.25,0,1,Global Investors
C1087,Individual,M,USA,Colorado,41,Home,No,Website,3,4,1878433.21,469608.3025,602057.55,1575.1075,4,456,1.0,0.0,2,0,Luxury Investors
C1088,Individual,M,USA,Utah,27,Home,Yes,Agency,4,3,802271.19,267423.73,460665.54,883.7466666666666,3,365,1.0,0.0,1,2,First-Time Buyers
C1089,Individual,F,USA,Utah,63,Home,Yes,Website,1,4,959344.08,239836.02,273895.07,828.375,4,334,0.75,0.25,0,1,Global Investors
C1090,Individual,F,Canada,Alberta,63,Home,Yes,Client,3,3,1217272.58,405757.5266666667,495437.61,1396.0966666666666,3,396,0.6666666666666666,0.3333333333333333,0,1,Global Investors
C1091,Individual,M,USA,Nevada,41,Home,Yes,Agency,1,3,741797.49,247265.83,356627.2,853.6566666666668,3,457,1.0,0.0,1,2,First-Time Buyers
C1092,Individual,M,USA,Oregon,29,Investment,No,Website,2,3,1213248.05,404416.01666666666,492551.34,1452.2633333333333,3,59,1.0,0.0,2,2,Luxury Investors
C1093,Individual,M,USA,Oregon,45,Home,Yes,Website,1,3,805402.8300000001,268467.61000000004,334313.56,900.46,3,517,0.6666666666666666,0.3333333333333333,0,1,Global Investors
C1094,Individual,F,USA,Washington,65,Home,Yes,Website,2,4,1631407.56,407851.89,606086.6,1273.5475000000001,4,396,0.75,0.25,2,0,Luxury Investors
C1095,Individual,F,USA,California,85,Home,No,Agency,3,4,1454366.24,363591.56,566261.62,1264.0125,4,305,1.0,0.0,2,0,Luxury Investors
C1096,Individual,F,USA,New York,60,Home,No,Client,2,4,1756661.91,439165.4775,561232.25,1339.695,4,518,1.0,0.0,2,0,Luxury Investors
C1097,Individual,F,Canada,Alberta,63,Home,Yes,Agency,3,3,1064342.81,354780.9366666667,453949.46,1162.6166666666666,3,426,1.0,0.0,1,2,First-Time Buyers
C1098,Individual,M,USA,California,49,Investment,No,Client,3,3,1187774.23,395924.74333333335,443496.6,1290.0866666666668,3,547,0.6666666666666666,0.3333333333333333,0,1,Global Investors
C1099,Individual,F,USA,Colorado,53,Home,No,Agency,3,4,1426501.12,356625.28,444521.07,1153.0825,4,640,0.75,0.25,0,1,Global Investors
C1100,Individual,M,Russia,Novosibirsk,85,Home,No,Website,1,4,1314225.5899999999,328556.39749999996,548635.7,1042.1725000000001,4,547,1.0,0.0,1,0,First-Time Buyers
C1101,Individual,M,Belgium,Flanders,61,Home,No,Website,5,4,1037914.4299999999,259478.60749999998,325612.79,868.5725,4,397,1.0,0.0,1,0,First-Time Buyers
C1102,Company,M,Germany,Berlin,65,Home,No,Agency,2,4,1248456.03,312114.0075,516162.59,993.0625,4,669,1.0,0.0,1,3,First-Time Buyers
C1103,Individual,M,Belgium,Wallonia,64,Home,No,Agency,4,4,1206840.81,301710.2025,496697.45,997.415,4,518,0.75,0.25,0,1,Global Investors
C1104,Individual,M,USA,Utah,27,Investment,Yes,Website,5,3,893996.19,297998.73,381470.55,1025.0133333333333,3,334,1.0,0.0,1,2,First-Time Buyers
C1105,Individual,M,USA,Nevada,85,Home,Yes,Website,3,4,1623510.31,405877.5775,550595.85,1365.9450000000002,4,123,1.0,0.0,2,0,Luxury Investors
C1106,Individual,M,USA,California,43,Home,No,Agency,1,3,773499.85,257833.28333333333,329442.1,842.68,3,426,1.0,0.0,1,2,First-Time Buyers
C1107,Individual,M,Canada,British Columbia,77,Home,No,Website,1,3,1156527.59,385509.1966666667,540584.92,1268.0466666666669,3,123,1.0,0.0,2,2,Luxury Investors
C1108,Individual,F,Australia,South Australia,31,Home,No,Website,4,3,1069904.1,356634.7,516476.18,1238.36,3,153,1.0,0.0,1,2,First-Time Buyers
C1109,Individual,F,USA,California,58,Home,Yes,Client,1,4,1756965.37,439241.3425,531593.91,1458.93,4,274,0.75,0.25,2,0,Luxury Investors
C1110,Individual,M,USA,New York,48,Home,Yes,Website,5,4,1445458.33,361364.5825,441268.43,1152.9099999999999,4,579,0.5,0.5,0,1,Global Investors
C1111,Company,M,USA,California,58,Home,Yes,Website,4,3,885146.14,295048.7133333333,435943.19,897.3100000000001,3,214,1.0,0.0,1,3,First-Time Buyers
C1112,Individual,M,USA,Nevada,43,Investment,Yes,Website,3,3,961599.4199999999,320533.13999999996,388182.22,975.9433333333333,3,516,0.6666666666666666,0.3333333333333333,0,1,Global Investors
C1113,Individual,F,USA,Texas,51,Investment,No,Client,2,4,1162770.88,290692.72,523652.47,942.0350000000001,4,670,0.75,0.25,0,1,Global Investors
C1114,Individual,F,USA,California,33,Home,No,Website,3,3,872825.73,290941.91,367529.08,1072.7266666666667,3,243,1.0,0.0,1,2,First-Time Buyers
C1115,Individual,M,USA,Colorado,52,Home,Yes,Agency,3,3,1054599.19,351533.0633333333,472546.53,1108.9966666666667,3,151,1.0,0.0,1,2,First-Time Buyers
C1116,Individual,F,USA,California,34,Home,Yes,Agency,1,3,766951.9500000001,255650.65000000002,294707.51,879.3433333333332,3,337,0.6666666666666666,0.3333333333333333,0,1,Global Investors
C1117,Individual,F,Mexico,Mexico City,70,Home,Yes,Website,5,4,1149629.49,287407.3725,410756.82,1047.99,4,578,0.75,0.25,0,1,Global Investors
C1118,Company,M,UK,Scotland,56,Investment,Yes,Website,2,3,859368.99,286456.33,401356.84,983.3166666666666,3,213,1.0,0.0,1,3,First-Time Buyers
C1119,Individual,M,USA,Oregon,84,Home,Yes,Website,1,3,938703.6599999999,312901.22,394144.56,949.9033333333333,3,214,1.0,0.0,1,2,First-Time Buyers
C1120,Individual,F,USA,Arizona,46,Home,No,Website,1,4,1371211.29,342802.8225,436572.8,1123.6174999999998,4,245,1.0,0.0,1,0,First-Time Buyers
C1121,Individual,F,USA,California,40,Home,No,Client,1,3,1014661.78,338220.5933333333,568008.79,1124.5,3,214,0.6666666666666666,0.3333333333333333,0,1,Global Investors
C1122,Individual,F,USA,California,83,Home,No,Website,4,4,1558949.2,389737.3,625903.82,1208.8775,4,670,1.0,0.0,2,0,Luxury Investors
C1123,Individual,M,USA,Virginia,74,Home,No,Agency,5,3,1241771.44,413923.8133333333,581087.19,1283.7066666666667,3,669,1.0,0.0,2,2,Luxury Investors
C1124,Individual,F,USA,Oregon,49,Investment,Yes,Website,5,4,1272190.01,318047.5025,531100.09,1040.8899999999999,4,304,1.0,0.0,1,2,First-Time Buyers
C1125,Individual,M,USA,Oregon,84,Home,No,Agency,3,3,1186907.08,395635.69333333336,440465.95,1332.34,3,335,0.3333333333333333,0.6666666666666666,0,1,Global Investors
C1126,Company,M,USA,Virginia,42,Home,Yes,Website,1,3,893488.2,297829.39999999997,440625.12,1015.9399999999999,3,122,0.6666666666666666,0.3333333333333333,0,3,Global Investors
C1127,Individual,F,UK,England,82,Investment,No,Website,1,3,838728.4,279576.13333333336,309658.36,932.37,3,639,0.6666666666666666,0.3333333333333333,0,1,Global Investors
C1128,Individual,M,USA,California,42,Investment,No,Website,1,3,1186634.53,395544.8433333333,467492.04,1330.8533333333332,3,395,1.0,0.0,2,2,Luxury Investors
C1129,Individual,F,USA,Colorado,80,Investment,No,Agency,5,4,1463125.26,365781.315,507394.76,1219.4375,4,456,1.0,0.0,2,2,Luxury Investors
C1130,Individual,F,USA,Arizona,38,Home,No,Website,5,4,1326217.01,331554.2525,678504.41,1009.23,4,518,0.5,0.5,0,1,Global Investors
C1131,Individual,F,USA,California,41,Investment,No,Website,3,3,1210500.79,403500.26333333337,581631.78,1317.7333333333333,3,214,1.0,0.0,2,2,Luxury Investors
C1132,Individual,M,USA,New York,43,Home,Yes,Website,2,3,1383901.27,461300.42333333334,574927.34,1448.82,3,122,1.0,0.0,2,2,Luxury Investors
C1133,Individual,M,USA,Oregon,32,Investment,No,Website,3,4,1427019.92,356754.98,502325.67,1210.7375000000002,4,457,1.0,0.0,2,2,Luxury Investors
C1134,Individual,F,USA,California,82,Investment,No,Website,1,4,1088583.78,272145.945,453416.1,905.0375,4,548,0.5,0.5,0,1,Global Investors
C1135,Individual,F,Russia,Moscow Oblast,26,Investment,Yes,Client,5,3,1186082.75,395360.9166666667,484226.87,1303.4733333333334,3,183,1.0,0.0,2,2,Luxury Investors
C1136,Individual,F,USA,California,60,Home,Yes,Agency,3,3,1016844.64,338948.2133333333,430426.11,1023.8800000000001,3,579,0.6666666666666666,0.3333333333333333,0,1,Global Investors
C1137,Individual,F,USA,Nevada,39,Home,Yes,Agency,4,3,1114902.43,371634.1433333333,554352.77,1140.1733333333334,3,608,1.0,0.0,1,2,First-Time Buyers
C1138,Individual,M,USA,Oregon,61,Home,No,Website,1,3,840602.9199999999,280200.9733333333,348889.77,952.0733333333334,3,29,1.0,0.0,1,2,First-Time Buyers
C1139,Individual,F,USA,California,29,Home,Yes,Client,4,3,1297382.59,432460.86333333334,568773.25,1439.256666666667,3,365,0.6666666666666666,0.3333333333333333,2,1,Luxury Investors
C1140,Individual,M,USA,Florida,49,Home,Yes,Website,1,3,1275809.71,425269.9033333333,551828.54,1277.2733333333333,3,334,0.6666666666666666,0.3333333333333333,0,1,Global Investors
C1141,Individual,F,USA,Arizona,25,Investment,No,Website,3,3,990242.33,330080.7766666667,436787.87,1101.55,3,669,1.0,0.0,1,2,First-Time Buyers
C1142,Individual,F,USA,Colorado,77,Home,Yes,Agency,2,4,1492680.13,373170.0325,492869.13,1222.37,4,214,1.0,0.0,2,0,Luxury Investors
C1143,Individual,M,USA,Arizona,31,Home,Yes,Website,2,3,1108329.67,369443.2233333333,404667.67,1343.8166666666666,3,487,0.6666666666666666,0.3333333333333333,0,1,Global Investors
C1144,Individual,F,USA,Georgia,47,Investment,No,Client,4,4,1244666.12,311166.53,494178.87,1027.0725,4,153,1.0,0.0,1,2,First-Time Buyers
C1145,Individual,M,USA,Nevada,32,Home,No,Website,5,3,1118850.31,372950.10333333333,568314.74,1267.4066666666668,3,488,1.0,0.0,1,2,First-Time Buyers
C1146,Individual,M,USA,California,34,Investment,No,Website,2,3,1037824.43,345941.4766666667,565819.26,1136.0866666666668,3,365,0.6666666666666666,0.3333333333333333,0,1,Global Investors
C1147,Individual,F,USA,Utah,47,Home,No,Website,3,3,905314.84,301771.61333333334,555067.12,1010.5300000000001,3,365,1.0,0.0,1,2,First-Time Buyers
C1148,Individual,M,Australia,New South Wales,34,Home,Yes,Agency,1,3,1083677.57,361225.8566666667,523867.62,1221.3833333333334,3,122,1.0,0.0,1,2,First-Time Buyers
C1149,Individual,F,Russia,Tatarstan,45,Home,No,Agency,3,4,1277449.99,319362.4975,484921.76,1053.27,4,273,1.0,0.0,1,0,First-Time Buyers
C1150,Individual,F,USA,Nevada,33,Investment,No,Agency,4,3,1476970.3,492323.43333333335,523968.19,1550.1266666666668,3,639,1.0,0.0,2,2,Luxury Investors
C1151,Individual,M,USA,Arizona,62,Investment,No,Website,2,4,1760000.3399999999,440000.08499999996,545707.37,1350.2175,4,183,1.0,0.0,2,2,Luxury Investors
C1152,Individual,M,USA,Georgia,48,Home,No,Website,1,4,1654928.32,413732.08,585559.25,1374.585,4,426,1.0,0.0,2,0,Luxury Investors
C1153,Individual,M,USA,California,34,Home,No,Website,1,3,1007630.0,335876.6666666667,492913.41,1170.3533333333332,3,578,0.6666666666666666,0.3333333333333333,0,1,Global Investors
C1154,Individual,M,USA,Utah,69,Home,Yes,Agency,5,4,1373889.96,343472.49,518104.03,1135.325,4,548,1.0,0.0,1,0,First-Time Buyers
C1155,Individual,M,USA,California,48,Home,No,Website,5,3,1577625.0,525875.0,589821.06,1679.1066666666666,3,518,0.6666666666666666,0.3333333333333333,2,1,Luxury Investors
C1156,Individual,F,USA,Virginia,69,Home,No,Agency,4,3,859956.66,286652.22000000003,441602.33,1008.13,3,549,1.0,0.0,1,2,First-Time Buyers
C1157,Individual,M,Canada,Alberta,81,Investment,No,Website,2,4,894080.38,223520.095,329573.31,716.4525,4,578,1.0,0.0,1,2,First-Time Buyers
C1158,Individual,F,USA,California,70,Investment,No,Website,2,3,941360.29,313786.76333333337,596516.36,972.0533333333333,3,395,0.6666666666666666,0.3333333333333333,0,1,Global Investors
C1159,Individual,M,USA,Nevada,85,Investment,Yes,Website,1,3,1170550.92,390183.63999999996,558548.42,1175.6833333333334,3,457,0.6666666666666666,0.3333333333333333,0,1,Global Investors
C1160,Individual,M,USA,Florida,45,Home,Yes,Website,2,4,1359425.8599999999,339856.46499999997,510079.55,1101.9875,4,214,0.75,0.25,0,1,Global Investors
C1161,Individual,M,Canada,Alberta,31,Investment,Yes,Website,3,4,2022416.31,505604.0775,724345.49,1486.3274999999999,4,305,0.75,0.25,2,0,Luxury Investors
C1162,Individual,M,USA,California,63,Investment,No,Website,2,4,1116223.63,279055.9075,446838.6,872.6800000000001,4,425,1.0,0.0,1,2,First-Time Buyers
C1163,Individual,M,USA,California,27,Home,Yes,Website,3,4,1202709.18,300677.295,498755.52,1059.8375,4,487,0.5,0.5,0,1,Global Investors
C1164,Individual,F,Belgium,Wallonia,57,Home,Yes,Agency,3,4,1315287.03,328821.7575,411818.69,1169.615,4,518,0.5,0.5,0,1,Global Investors
C1165,Individual,F,Russia,Moscow Oblast,31,Home,No,Website,1,3,970705.3999999999,323568.4666666666,509155.44,1079.9266666666665,3,275,1.0,0.0,1,2,First-Time Buyers
C1166,Individual,M,USA,New York,34,Investment,No,Website,1,4,1163601.79,290900.4475,408434.17,939.4875,4,274,1.0,0.0,1,2,First-Time Buyers
C1167,Individual,M,UK,Scotland,58,Home,No,Website,3,3,1163104.83,387701.61000000004,662126.19,1193.7733333333333,3,578,0.6666666666666666,0.3333333333333333,0,1,Global Investors
C1168,Individual,F,Germany,Hamburg,27,Home,Yes,Agency,2,4,1081069.19,270267.2975,382048.18,901.245,4,335,1.0,0.0,1,2,First-Time Buyers
C1169,Individual,M,Russia,Saint Petersburg,31,Home,Yes,Agency,5,4,900300.22,225075.055,269707.97,832.615,4,366,0.75,0.25,0,1,Global Investors
C1170,Individual,F,USA,Nevada,35,Home,Yes,Website,1,4,1165955.62,291488.905,366328.69,1009.9325,4,275,0.75,0.25,0,1,Global Investors
C1171,Individual,F,USA,California,41,Investment,Yes,Website,4,4,1561809.25,390452.3125,527403.68,1276.9875,4,579,1.0,0.0,2,2,Luxury Investors
C1172,Individual,F,USA,Nevada,83,Home,No,Website,5,4,1240274.79,310068.6975,454693.74,990.4475,4,486,0.75,0.25,0,1,Global Investors
C1173,Individual,F,Canada,Manitoba,41,Investment,No,Website,1,4,1261072.17,315268.0425,468922.65,1014.9825,4,396,1.0,0.0,1,2,First-Time Buyers
C1174,Individual,M,USA,Nevada,43,Home,No,Agency,2,4,1414798.99,353699.7475,446099.24,1244.8049999999998,4,242,0.75,0.25,0,0,Global Investors
C1175,Individual,F,USA,California,66,Home,No,Website,2,4,1766232.62,441558.155,675388.05,1449.3775,4,608,1.0,0.0,2,0,Luxury Investors
C1176,Individual,F,USA,California,50,Investment,Yes,Agency,4,3,1003328.89,334442.9633333333,441387.41,1170.3533333333332,3,274,0.3333333333333333,0.6666666666666666,0,1,Global Investors
C1177,Individual,M,USA,California,27,Investment,No,Agency,2,4,1047224.2699999999,261806.06749999998,321100.73,816.1600000000001,4,182,0.5,0.5,0,1,Global Investors
C1178,Individual,F,USA,California,75,Home,No,Agency,1,3,744651.07,248217.02333333332,390678.42,801.46,3,245,1.0,0.0,1,2,First-Time Buyers
C1179,Individual,F,USA,California,34,Home,No,Agency,4,3,848152.02,282717.34,361461.89,1045.8666666666668,3,92,1.0,0.0,1,2,First-Time Buyers
C1180,Individual,F,Belgium,Brussels,30,Home,Yes,Website,2,4,1111089.24,277772.31,413510.38,1050.5725,4,395,0.75,0.25,0,1,Global Investors
C1181,Individual,F,USA,Nevada,69,Investment,No,Website,5,3,743723.3099999999,247907.77,352725.16,939.3299999999999,3,120,1.0,0.0,1,2,First-Time Buyers
C1182,Individual,M,Germany,Bavaria,64,Investment,Yes,Website,3,4,1522183.38,380545.845,539392.07,1269.065,4,516,1.0,0.0,2,2,Luxury Investors
C1183,Individual,M,USA,Arizona,32,Investment,No,Website,1,4,1364593.88,341148.47,546764.12,1088.3825,4,518,1.0,0.0,1,2,First-Time Buyers
C1184,Individual,M,France,Ile-de-France,72,Home,No,Website,2,3,500255.63,166751.87666666668,202634.18,624.2366666666667,3,518,0.6666666666666666,0.3333333333333333,0,1,Global Investors
C1185,Individual,M,USA,California,25,Home,No,Website,3,4,1218570.99,304642.7475,388613.55,1029.9125,4,335,1.0,0.0,1,0,First-Time Buyers
C1186,Individual,F,USA,Nevada,47,Home,Yes,Website,3,3,1141153.96,380384.6533333333,585004.16,1221.6766666666665,3,306,0.6666666666666666,0.3333333333333333,0,1,Global Investors
C1187,Individual,F,USA,Nevada,63,Home,No,Website,4,3,1097539.23,365846.41,564972.81,1092.5066666666667,3,365,1.0,0.0,1,2,First-Time Buyers
C1188,Individual,M,Canada,Alberta,30,Home,No,Client,1,4,1437535.25,359383.8125,581530.71,1190.4075,4,639,0.5,0.5,0,1,Global Investors
C1189,Individual,M,USA,Florida,62,Home,Yes,Client,2,4,1180295.09,295073.7725,382331.32,989.2175,4,456,0.5,0.5,0,1,Global Investors
C1190,Individual,F,USA,Texas,79,Home,No,Client,4,4,1358669.02,339667.255,495056.58,1115.61,4,518,1.0,0.0,1,0,First-Time Buyers
C1191,Individual,F,USA,California,75,Investment,No,Website,3,3,1095538.81,365179.60333333333,409260.76,1357.1933333333334,3,518,0.6666666666666666,0.3333333333333333,0,1,Global Investors
C1192,Individual,M,USA,Florida,25,Home,No,Website,5,4,1111237.94,277809.485,462493.65,941.135,4,518,0.5,0.5,0,1,Global Investors
C1193,Individual,F,UK,England,50,Home,No,Website,1,4,946796.24,236699.06,360341.5,716.4525,4,366,0.5,0.5,0,1,Global Investors
C1194,Individual,F,USA,Colorado,82,Home,No,Website,1,3,1084957.53,361652.51,431485.71,1263.8633333333335,3,395,0.6666666666666666,0.3333333333333333,0,1,Global Investors
C1195,Individual,F,USA,California,35,Home,Yes,Agency,4,4,1118238.91,279559.7275,475030.73,910.925,4,365,0.75,0.25,0,1,Global Investors
C1196,Individual,M,USA,Nevada,70,Home,No,Agency,2,4,1731153.76,432788.44,588124.15,1356.32,4,610,1.0,0.0,2,0,Luxury Investors
C1197,Individual,F,USA,Arizona,66,Home,No,Website,4,3,1439595.57,479865.19,584272.04,1471.4466666666667,3,31,1.0,0.0,2,2,Luxury Investors
C1198,Individual,F,USA,New York,65,Home,No,Agency,1,3,1415391.5899999999,471797.1966666666,674268.09,1493.243333333333,3,365,0.6666666666666666,0.3333333333333333,2,1,Luxury Investors
C1199,Individual,M,USA,Colorado,82,Home,No,Website,2,4,1013002.89,253250.7225,367400.47,910.2925,4,304,0.75,0.25,0,1,Global Investors
C1200,Individual,M,USA,Utah,56,Home,No,Agency,4,4,1789601.3299999998,447400.33249999996,635580.39,1422.9925,4,608,0.75,0.25,2,0,Luxury Investors
C1201,Individual,M,USA,Oregon,25,Investment,Yes,Website,1,4,1063833.91,265958.4775,353358.62,896.2525,4,578,1.0,0.0,1,2,First-Time Buyers
C1202,Company,M,Canada,Quebec,40,Investment,Yes,Website,5,4,1527115.1600000001,381778.79000000004,581236.54,1263.775,4,396,1.0,0.0,2,3,Luxury Investors
C1203,Individual,F,USA,Arizona,63,Home,Yes,Website,2,3,1083378.55,361126.18333333335,437211.33,1329.57,3,183,0.6666666666666666,0.3333333333333333,0,1,Global Investors
C1204,Individual,M,Mexico,Puebla,33,Investment,Yes,Website,2,3,1231356.24,410452.08,603910.96,1280.28,3,212,1.0,0.0,2,2,Luxury Investors
C1205,Individual,M,Belgium,Flanders,66,Home,No,Website,4,3,968123.38,322707.79333333333,498260.56,1076.69,3,640,1.0,0.0,1,2,First-Time Buyers
C1206,Individual,F,USA,California,68,Investment,No,Website,5,3,941726.19,313908.73,396440.12,1140.3999999999999,3,518,1.0,0.0,1,2,First-Time Buyers
C1207,Individual,F,USA,Texas,52,Home,Yes,Agency,5,4,1084392.98,271098.245,328706.37,1010.095,4,578,0.75,0.25,0,1,Global Investors
C1208,Individual,M,USA,Colorado,48,Home,No,Website,1,3,1277019.82,425673.2733333334,561711.27,1477.03,3,273,0.6666666666666666,0.3333333333333333,2,1,Luxury Investors
C1209,Individual,F,USA,California,47,Home,Yes,Website,4,4,1201633.01,300408.2525,401888.63,1123.3175,4,335,1.0,0.0,1,2,First-Time Buyers
C1210,Individual,M,USA,California,34,Investment,No,Website,1,4,1146800.83,286700.2075,409323.23,897.47,4,273,0.75,0.25,0,1,Global Investors
C1211,Individual,F,Canada,British Columbia,29,Home,Yes,Website,5,4,1447927.02,361981.755,457810.49,1167.105,4,579,1.0,0.0,2,0,Luxury Investors
C1212,Individual,M,USA,California,68,Home,No,Agency,1,4,1052290.76,263072.69,396779.8,904.0100000000001,4,183,1.0,0.0,1,0,First-Time Buyers
C1213,Individual,F,Canada,Manitoba,32,Home,No,Website,5,3,829461.56,276487.1866666667,351625.35,899.9899999999999,3,518,1.0,0.0,1,2,First-Time Buyers
C1214,Individual,F,USA,Florida,25,Home,No,Agency,1,4,1725018.4100000001,431254.60250000004,563581.06,1446.1125,4,488,1.0,0.0,2,0,Luxury Investors
C1215,Individual,M,USA,California,31,Home,No,Website,3,3,1140423.3800000001,380141.1266666667,664530.42,1104.51,3,122,0.3333333333333333,0.6666666666666666,0,1,Global Investors
C1216,Individual,F,France,Normandy,28,Home,No,Website,4,3,1191384.37,397128.12333333335,551096.05,1464.8466666666666,3,669,1.0,0.0,2,2,Luxury Investors
C1217,Individual,M,USA,California,28,Investment,Yes,Website,4,3,1007204.78,335734.9266666667,461132.81,1186.4366666666667,3,304,1.0,0.0,1,2,First-Time Buyers
C1218,Individual,F,USA,California,84,Home,Yes,Website,1,4,1308613.5699999998,327153.39249999996,449085.55,1121.525,4,518,1.0,0.0,1,0,First-Time Buyers
C1219,Individual,F,USA,Arizona,42,Home,Yes,Website,1,3,867409.27,289136.42333333334,430666.39,1074.6233333333332,3,365,1.0,0.0,1,2,First-Time Buyers
C1220,Individual,F,USA,Colorado,58,Investment,Yes,Website,4,4,1471199.75,367799.9375,508492.43,1254.045,4,609,0.75,0.25,0,1,Global Investors
C1221,Individual,F,USA,Nevada,41,Investment,No,Agency,2,3,1354868.93,451622.9766666666,506860.65,1565.3233333333335,3,426,1.0,0.0,2,2,Luxury Investors
C1222,Individual,M,USA,Utah,56,Home,No,Website,4,3,1319349.8599999999,439783.2866666666,626423.06,1362.3833333333334,3,274,1.0,0.0,2,2,Luxury Investors
C1223,Individual,F,USA,Washington,73,Home,No,Website,4,3,1072582.78,357527.5933333333,403699.08,1369.7300000000002,3,212,1.0,0.0,1,2,First-Time Buyers
C1224,Individual,M,USA,New York,83,Investment,Yes,Client,5,3,827238.27,275746.09,432388.36,964.2666666666665,3,91,1.0,0.0,1,2,First-Time Buyers
C1225,Individual,M,USA,Oregon,35,Home,No,Website,2,3,1122587.7,374195.89999999997,606790.94,1168.3366666666668,3,212,0.6666666666666666,0.3333333333333333,0,1,Global Investors
C1226,Individual,M,USA,Utah,36,Home,No,Website,4,3,972596.1300000001,324198.71,413286.53,1082.8966666666668,3,92,1.0,0.0,1,2,First-Time Buyers
C1227,Individual,M,USA,Colorado,38,Home,Yes,Agency,3,4,2151534.73,537883.6825,627385.67,1676.3825,4,153,1.0,0.0,2,0,Luxury Investors
C1228,Individual,M,USA,California,71,Home,No,Website,2,3,1058718.77,352906.25666666665,508674.8,1124.5,3,245,1.0,0.0,1,2,First-Time Buyers
C1229,Individual,F,UK,Scotland,31,Home,Yes,Website,1,3,1185126.78,395042.26,556269.12,1303.4733333333334,3,91,1.0,0.0,2,2,Luxury Investors
C1230,Individual,M,USA,California,40,Home,No,Client,5,3,759973.15,253324.38333333333,341233.68,801.46,3,579,0.3333333333333333,0.6666666666666666,0,1,Global Investors
C1231,Individual,F,USA,California,71,Home,No,Agency,2,3,859705.1699999999,286568.38999999996,372010.36,922.6666666666666,3,396,0.3333333333333333,0.6666666666666666,0,1,Global Investors
C1232,Individual,F,Canada,British Columbia,36,Home,No,Website,3,4,1527373.03,381843.2575,516863.32,1173.8125,4,335,1.0,0.0,2,0,Luxury Investors
C1233,Individual,M,USA,Utah,46,Home,No,Website,4,3,936287.8,312095.93333333335,421407.86,1078.7866666666666,3,578,1.0,0.0,1,2,First-Time Buyers
C1234,Individual,F,USA,Colorado,68,Investment,No,Website,1,4,1463190.28,365797.57,539693.29,1278.045,4,700,1.0,0.0,2,2,Luxury Investors
C1235,Individual,M,USA,Arizona,68,Home,No,Website,2,4,1271344.1099999999,317836.02749999997,611112.1,1025.3225,4,397,0.75,0.25,0,1,Global Investors
C1236,Individual,M,USA,Arizona,53,Home,Yes,Website,4,4,1747766.02,436941.505,560683.85,1415.4825,4,153,1.0,0.0,2,0,Luxury Investors
C1237,Individual,F,UK,Wales,82,Investment,Yes,Website,4,3,688233.74,229411.24666666667,340807.81,775.5666666666666,3,242,0.6666666666666666,0.3333333333333333,0,1,Global Investors
C1238,Individual,M,USA,Nevada,79,Home,Yes,Agency,1,4,1648873.57,412218.3925,524988.7,1343.6575,4,335,1.0,0.0,2,0,Luxury Investors
C1239,Individual,F,USA,Oregon,72,Home,No,Agency,3,4,1457041.08,364260.27,555539.4,1114.2125,4,609,1.0,0.0,2,0,Luxury Investors
C1240,Individual,F,USA,Nevada,41,Investment,Yes,Website,4,3,1018594.4400000001,339531.48000000004,534650.14,1104.51,3,306,0.6666666666666666,0.3333333333333333,0,1,Global Investors
C1241,Individual,F,USA,California,52,Home,No,Agency,1,4,1157084.5899999999,289271.14749999996,410171.8,948.835,4,214,1.0,0.0,1,0,First-Time Buyers
C1242,Individual,M,USA,California,64,Home,Yes,Website,3,3,1055842.78,351947.5933333333,424910.39,1138.4233333333334,3,275,1.0,0.0,1,2,First-Time Buyers
C1243,Individual,M,USA,Colorado,77,Home,No,Website,1,4,1419502.04,354875.51,541890.18,1246.6175,4,365,1.0,0.0,2,0,Luxury Investors
C1244,Individual,M,USA,Utah,33,Investment,Yes,Website,5,3,1438309.93,479436.6433333333,598240.7,1513.17,3,365,0.3333333333333333,0.6666666666666666,0,1,Global Investors
C1245,Individual,M,USA,California,62,Home,Yes,Agency,3,3,1422519.51,474173.17,500160.52,1529.4633333333334,3,639,1.0,0.0,2,2,Luxury Investors
C1246,Individual,F,Canada,Alberta,82,Home,No,Agency,2,3,859984.47,286661.49,360318.53,980.8699999999999,3,334,0.6666666666666666,0.3333333333333333,0,1,Global Investors
C1247,Individual,F,USA,Nevada,68,Investment,No,Website,2,4,1774416.3199999998,443604.07999999996,544990.2,1489.73,4,456,1.0,0.0,2,0,Luxury Investors
C1248,Individual,F,USA,Arizona,49,Home,No,Agency,3,3,786895.89,262298.63,371938.81,899.62,3,184,1.0,0.0,1,2,First-Time Buyers
C1249,Individual,F,USA,California,54,Investment,No,Website,1,4,1289938.6400000001,322484.66000000003,465116.85,1146.0149999999999,4,426,0.5,0.5,0,0,Global Investors
C1250,Individual,M,USA,Nevada,75,Home,No,Agency,5,3,1582661.61,527553.87,554882.17,1674.54,3,245,0.6666666666666666,0.3333333333333333,2,1,Luxury Investors
C1251,Individual,M,USA,Texas,50,Investment,No,Website,5,4,1246714.37,311678.5925,448815.67,967.0,4,365,0.5,0.5,0,1,Global Investors
C1252,Individual,F,USA,Arizona,63,Home,Yes,Website,3,3,1137673.55,379224.51666666666,513716.25,1221.6766666666665,3,365,1.0,0.0,1,2,First-Time Buyers
C1253,Individual,M,USA,California,34,Home,No,Agency,2,3,767162.2200000001,255720.74000000002,378213.4,814.3533333333334,3,245,0.6666666666666666,0.3333333333333333,0,1,Global Investors
C1254,Individual,M,USA,California,69,Home,Yes,Agency,5,4,1604050.8800000001,401012.72000000003,471923.26,1279.9,4,274,1.0,0.0,2,0,Luxury Investors
C1255,Individual,M,USA,California,26,Home,No,Agency,3,4,1105130.19,276282.5475,469476.95,942.035,4,426,0.75,0.25,0,1,Global Investors
C1256,Company,F,USA,California,53,Investment,No,Agency,4,3,1227293.02,409097.67333333334,483098.81,1357.1933333333334,3,183,0.6666666666666666,0.3333333333333333,0,3,Global Investors
C1257,Individual,M,USA,California,34,Home,Yes,Agency,5,3,850550.13,283516.71,426820.06,893.3766666666667,3,549,1.0,0.0,1,2,First-Time Buyers
C1258,Individual,F,USA,Nevada,56,Home,No,Website,1,4,1015636.19,253909.0475,364302.2,821.355,4,243,0.75,0.25,0,1,Global Investors
C1259,Individual,M,USA,California,54,Investment,Yes,Agency,3,4,1256766.51,314191.6275,464754.23,1004.1575,4,579,0.75,0.25,0,1,Global Investors
C1260,Individual,F,USA,California,33,Home,No,Agency,2,4,1633449.34,408362.335,541416.84,1423.1725,4,487,0.75,0.25,2,1,Luxury Investors
C1261,Individual,M,USA,Utah,49,Home,No,Client,3,3,1491163.72,497054.5733333333,596435.43,1504.28,3,181,1.0,0.0,2,2,Luxury Investors
C1262,Individual,F,USA,California,75,Investment,No,Agency,4,3,961425.37,320475.12333333335,443089.55,1077.3233333333335,3,397,1.0,0.0,1,2,First-Time Buyers
C1263,Individual,M,USA,California,74,Investment,No,Agency,3,4,1975384.2000000002,493846.05000000005,599817.91,1602.67,4,639,1.0,0.0,2,0,Luxury Investors
C1264,Individual,F,USA,California,26,Investment,No,Agency,1,3,1287173.46,429057.82,564663.44,1452.2633333333333,3,274,0.6666666666666666,0.3333333333333333,2,1,Luxury Investors
C1265,Individual,M,USA,Washington,82,Home,Yes,Agency,1,3,1070432.96,356810.98666666663,421254.04,1325.71,3,487,1.0,0.0,1,2,First-Time Buyers
C1266,Individual,M,UK,England,73,Home,No,Website,2,4,1204291.73,301072.9325,444502.63,1101.9875,4,548,1.0,0.0,1,0,First-Time Buyers
C1267,Individual,F,USA,Colorado,60,Home,Yes,Website,3,3,1399933.8800000001,466644.6266666667,555003.81,1529.4633333333334,3,335,1.0,0.0,2,2,Luxury Investors
C1268,Individual,F,UK,Northern Ireland,30,Investment,Yes,Website,1,3,968928.25,322976.0833333333,396573.07,1003.3133333333334,3,366,1.0,0.0,1,2,First-Time Buyers
C1269,Individual,M,USA,California,61,Home,No,Website,5,3,1046535.0,348845.0,535553.54,1169.0466666666669,3,579,1.0,0.0,1,2,First-Time Buyers
C1270,Individual,F,USA,Texas,47,Home,No,Agency,4,3,1310435.53,436811.8433333333,556733.5,1465.92,3,245,1.0,0.0,2,2,Luxury Investors
C1271,Individual,M,USA,California,33,Home,Yes,Agency,2,4,1296911.85,324227.9625,477444.0,1040.5175,4,273,0.75,0.25,0,1,Global Investors
C1272,Individual,M,France,Occitanie,84,Home,Yes,Website,1,3,778830.7999999999,259610.26666666663,361880.91,899.62,3,304,1.0,0.0,1,2,First-Time Buyers
C1273,Individual,M,Canada,Alberta,57,Home,No,Website,5,3,1462080.32,487360.1066666667,584971.87,1592.1233333333332,3,669,1.0,0.0,2,2,Luxury Investors
C1274,Individual,F,USA,California,46,Investment,Yes,Website,1,3,1038831.8500000001,346277.2833333334,514067.14,1193.7733333333333,3,670,1.0,0.0,1,2,First-Time Buyers
C1275,Individual,F,USA,Georgia,56,Investment,No,Website,1,4,1737593.0,434398.25,567459.84,1312.8225,4,639,0.75,0.25,2,0,Luxury Investors
C1276,Individual,M,Australia,Victoria,85,Home,Yes,Agency,1,3,1635917.97,545305.99,569679.58,1754.9366666666667,3,243,0.3333333333333333,0.6666666666666666,2,1,Luxury Investors
C1277,Individual,F,USA,California,44,Investment,No,Agency,2,3,1270250.68,423416.8933333333,534790.76,1267.4066666666668,3,365,0.6666666666666666,0.3333333333333333,0,1,Global Investors
C1278,Individual,M,USA,Utah,28,Home,No,Website,4,3,685587.81,228529.27000000002,366304.94,791.0400000000001,3,365,1.0,0.0,1,2,First-Time Buyers
C1279,Individual,M,USA,California,82,Home,Yes,Website,4,3,1278123.59,426041.1966666667,498957.88,1366.5633333333335,3,426,1.0,0.0,2,2,Luxury Investors
C1280,Individual,M,USA,Texas,72,Home,Yes,Website,2,3,1295836.68,431945.56,522661.73,1445.2933333333333,3,335,1.0,0.0,2,2,Luxury Investors
C1281,Individual,F,Canada,Manitoba,27,Investment,Yes,Website,2,3,889312.14,296437.38,372974.76,899.9899999999999,3,608,1.0,0.0,1,2,First-Time Buyers
C1282,Individual,F,USA,Colorado,29,Investment,Yes,Agency,3,4,1302998.6,325749.65,387508.03,1155.47,4,549,1.0,0.0,1,2,First-Time Buyers
C1283,Individual,F,USA,New York,80,Home,No,Agency,3,4,1479050.94,369762.735,705490.95,1185.59,4,486,0.5,0.5,0,1,Global Investors
C1284,Individual,M,USA,California,70,Home,No,Website,2,4,1443865.51,360966.3775,575967.88,1111.6475,4,487,0.75,0.25,0,1,Global Investors
C1285,Individual,M,USA,Utah,71,Home,Yes,Website,4,3,1609592.58,536530.86,634786.2,1680.5266666666666,3,518,0.6666666666666666,0.3333333333333333,2,1,Luxury Investors
C1286,Individual,M,USA,California,62,Home,No,Agency,5,3,1203306.91,401102.3033333333,558250.19,1192.5933333333332,3,304,1.0,0.0,2,2,Luxury Investors
C1287,Individual,F,USA,California,27,Investment,No,Website,4,3,843581.37,281193.79,473066.31,901.6266666666667,3,153,0.3333333333333333,0.6666666666666666,0,1,Global Investors
C1288,Individual,M,Belgium,Wallonia,84,Home,No,Agency,3,3,971136.6900000001,323712.23000000004,408970.7,1155.4633333333334,3,548,1.0,0.0,1,2,First-Time Buyers
C1289,Individual,M,Mexico,Jalisco,52,Investment,Yes,Agency,1,4,1076161.8599999999,269040.46499999997,501437.39,854.58,4,426,1.0,0.0,1,2,First-Time Buyers
C1290,Individual,F,USA,Washington,52,Home,Yes,Website,3,4,1332432.9100000001,333108.22750000004,498675.17,1195.1875,4,487,1.0,0.0,1,0,First-Time Buyers
C1291,Individual,M,USA,California,42,Investment,Yes,Website,5,3,1123403.46,374467.82,493844.01,1240.6066666666666,3,396,1.0,0.0,1,2,First-Time Buyers
C1292,Individual,M,USA,Texas,48,Investment,Yes,Website,5,4,1099365.94,274841.485,398499.79,1000.415,4,334,0.75,0.25,0,1,Global Investors
C1293,Individual,F,USA,California,53,Home,No,Agency,1,4,1853570.08,463392.52,545279.84,1552.15,4,304,0.75,0.25,2,0,Luxury Investors
C1294,Individual,M,Canada,Ontario,62,Investment,Yes,Agency,3,3,1220533.28,406844.4266666667,466941.91,1371.6133333333335,3,153,1.0,0.0,2,2,Luxury Investors
C1295,Individual,F,USA,California,33,Investment,Yes,Website,1,4,1478836.57,369709.1425,555296.53,1202.2649999999999,4,121,1.0,0.0,2,2,Luxury Investors
C1296,Individual,M,USA,Virginia,62,Home,No,Website,1,3,1025127.71,341709.23666666663,398516.06,1089.46,3,153,0.6666666666666666,0.3333333333333333,0,1,Global Investors
C1297,Company,M,Germany,Berlin,42,Home,No,Website,5,3,1169866.19,389955.39666666667,475302.44,1267.4066666666668,3,670,0.6666666666666666,0.3333333333333333,0,3,Global Investors
C1298,Individual,F,USA,California,57,Home,No,Agency,2,4,1571360.11,392840.0275,531754.05,1276.8225,4,579,1.0,0.0,2,0,Luxury Investors
C1299,Individual,F,USA,California,81,Investment,No,Website,3,3,1296600.42,432200.13999999996,592203.73,1440.1933333333334,3,61,1.0,0.0,2,2,Luxury Investors
C1300,Individual,F,USA,California,64,Home,No,Website,2,3,1428770.88,476256.95999999996,608055.99,1451.5366666666669,3,365,0.3333333333333333,0.6666666666666666,0,1,Global Investors
C1301,Individual,M,USA,Virginia,70,Home,No,Agency,2,3,742139.88,247379.96,361857.17,851.8699999999999,3,213,0.6666666666666666,0.3333333333333333,0,1,Global Investors
C1302,Individual,M,USA,Arizona,29,Investment,No,Website,5,4,1709532.6,427383.15,562560.39,1486.3274999999999,4,92,0.75,0.25,2,0,Luxury Investors
C1303,Individual,M,USA,Arizona,63,Home,Yes,Website,3,3,979418.98,326472.99333333335,461029.16,1106.3533333333332,3,334,1.0,0.0,1,2,First-Time Buyers
C1304,Individual,F,USA,California,40,Investment,No,Website,1,3,965747.81,321915.9366666667,399943.02,1049.3799999999999,3,456,1.0,0.0,1,2,First-Time Buyers
C1305,Individual,F,USA,Georgia,47,Home,No,Website,4,4,1034190.9,258547.725,354247.08,853.07,4,334,1.0,0.0,1,0,First-Time Buyers
C1306,Individual,F,USA,Washington,77,Home,No,Website,5,3,967094.76,322364.92,448817.69,1090.7733333333333,3,365,0.6666666666666666,0.3333333333333333,0,1,Global Investors
C1307,Individual,F,USA,Colorado,32,Home,No,Agency,5,3,920439.02,306813.00666666665,357710.2,1012.96,3,457,1.0,0.0,1,2,First-Time Buyers
C1308,Individual,M,USA,California,25,Investment,No,Agency,5,4,1363559.13,340889.7825,599958.23,1042.1975,4,426,0.75,0.25,0,0,Global Investors
C1309,Individual,M,USA,California,26,Home,No,Website,5,3,1460171.4100000001,486723.8033333334,541188.53,1674.54,3,426,1.0,0.0,2,2,Luxury Investors
C1310,Individual,F,USA,New York,70,Home,No,Agency,5,4,1244334.1400000001,311083.53500000003,411257.15,1077.195,4,335,1.0,0.0,1,0,First-Time Buyers
C1311,Individual,M,UK,England,85,Home,Yes,Client,4,3,1352275.6400000001,450758.5466666667,660723.3,1330.2166666666667,3,578,1.0,0.0,2,2,Luxury Investors
C1312,Individual,M,USA,New York,83,Home,No,Website,5,3,786877.06,262292.35333333333,375142.73,801.46,3,486,1.0,0.0,1,2,First-Time Buyers
C1313,Individual,F,Australia,Western Australia,53,Investment,No,Website,3,3,997579.61,332526.5366666667,408030.78,1138.4233333333334,3,427,1.0,0.0,1,2,First-Time Buyers
C1314,Individual,F,USA,Arizona,61,Home,No,Website,3,3,803329.23,267776.41,446138.39,1037.11,3,335,1.0,0.0,1,2,First-Time Buyers
C1315,Individual,M,USA,Colorado,77,Home,No,Agency,3,3,1066308.48,355436.16,500985.77,1136.21,3,518,1.0,0.0,1,2,First-Time Buyers
C1316,Individual,F,USA,Colorado,32,Home,Yes,Website,2,4,1238162.97,309540.7425,476167.41,1052.8325,4,640,1.0,0.0,1,2,First-Time Buyers
C1317,Company,M,USA,Utah,52,Home,Yes,Website,2,3,1315200.12,438400.04000000004,510290.62,1460.493333333333,3,212,1.0,0.0,2,3,Luxury Investors
C1318,Individual,M,USA,Texas,82,Home,No,Website,1,4,1423923.98,355980.995,453584.44,1169.615,4,425,0.75,0.25,0,1,Global Investors
C1319,Individual,F,USA,Florida,71,Home,Yes,Client,3,4,1424704.13,356176.0325,477046.12,1227.645,4,304,1.0,0.0,2,0,Luxury Investors
C1320,Individual,M,USA,California,56,Investment,No,Website,1,3,1077693.04,359231.01333333337,429318.55,1129.1766666666665,3,245,1.0,0.0,1,2,First-Time Buyers
C1321,Individual,M,USA,Colorado,35,Investment,No,Client,5,3,787847.37,262615.79,334266.66,853.8133333333334,3,151,1.0,0.0,1,2,First-Time Buyers
C1322,Individual,F,USA,California,31,Home,No,Agency,5,3,1094026.3399999999,364675.4466666666,461651.6,1255.1200000000001,3,304,1.0,0.0,1,2,First-Time Buyers
C1323,Individual,M,USA,Utah,62,Home,No,Website,3,4,1180654.6,295163.65,496038.87,975.4225,4,365,1.0,0.0,1,0,First-Time Buyers
C1324,Individual,M,USA,Arizona,33,Investment,Yes,Agency,2,3,1323306.51,441102.17,487388.83,1471.6200000000001,3,457,1.0,0.0,2,2,Luxury Investors
C1325,Individual,M,Canada,Alberta,51,Home,Yes,Agency,5,4,1380292.56,345073.14,448348.86,1098.1675,4,396,1.0,0.0,1,0,First-Time Buyers
C1326,Individual,M,USA,Colorado,81,Investment,No,Website,4,4,1489578.01,372394.5025,578726.68,1239.145,4,184,0.75,0.25,0,0,Global Investors
C1327,Individual,F,USA,California,32,Home,Yes,Website,4,3,664017.81,221339.27000000002,294967.99,775.5666666666666,3,457,1.0,0.0,1,2,First-Time Buyers
C1328,Individual,F,USA,Washington,69,Home,No,Website,4,4,1337283.29,334320.8225,477048.94,1173.8125,4,365,1.0,0.0,1,0,First-Time Buyers
C1329,Individual,M,USA,California,57,Investment,Yes,Agency,3,3,1041797.56,347265.85333333333,457406.52,1127.1499999999999,3,275,1.0,0.0,1,2,First-Time Buyers
C1330,Individual,F,USA,Colorado,50,Investment,No,Agency,2,4,835096.87,208774.2175,237035.97,699.545,4,275,0.75,0.25,0,1,Global Investors
C1331,Individual,F,USA,California,39,Investment,No,Agency,1,3,1047958.11,349319.37,512206.73,1113.29,3,396,0.0,1.0,0,1,Global Investors
C1332,Individual,M,USA,Washington,30,Investment,Yes,Agency,5,3,1227353.63,409117.87666666665,463019.11,1350.4933333333333,3,182,1.0,0.0,2,2,Luxury Investors
C1333,Individual,M,USA,Nevada,37,Investment,Yes,Website,2,4,1364310.45,341077.6125,521531.29,1146.9925,4,244,0.75,0.25,0,2,Global Investors
C1334,Individual,F,USA,California,60,Home,Yes,Agency,5,4,1906641.78,476660.445,586460.03,1552.15,4,609,0.75,0.25,2,0,Luxury Investors
C1335,Individual,F,USA,Oregon,43,Investment,Yes,Website,2,3,1001510.5800000001,333836.86000000004,565457.28,1070.1933333333334,3,395,1.0,0.0,1,2,First-Time Buyers
C1336,Individual,F,USA,California,77,Home,No,Client,5,4,1371591.4,342897.85,469331.42,1182.3725,4,395,0.75,0.25,0,1,Global Investors
C1337,Individual,F,USA,California,72,Investment,No,Website,5,4,1310989.71,327747.4275,472750.27,1073.905,4,215,0.75,0.25,0,1,Global Investors
C1338,Individual,F,USA,California,57,Home,Yes,Website,2,3,1096818.64,365606.2133333333,596755.57,1169.0466666666669,3,396,1.0,0.0,1,2,First-Time Buyers
C1339,Company,M,USA,Nevada,64,Home,Yes,Website,4,4,1532340.63,383085.1575,480760.06,1338.9,4,518,0.75,0.25,2,3,Luxury Investors
C1340,Company,M,USA,Colorado,37,Home,No,Website,5,4,1746049.93,436512.4825,528732.35,1421.4650000000001,4,548,0.75,0.25,2,3,Luxury Investors
C1341,Individual,F,USA,Colorado,73,Home,Yes,Website,5,3,756694.8300000001,252231.61000000002,432814.05,952.2633333333333,3,274,1.0,0.0,1,2,First-Time Buyers
C1342,Individual,F,USA,California,61,Home,Yes,Agency,1,3,922722.19,307574.0633333333,392025.92,1003.3133333333334,3,306,1.0,0.0,1,2,First-Time Buyers
C1343,Individual,F,Canada,Ontario,30,Home,No,Agency,5,3,1005148.6399999999,335049.54666666663,503297.17,1161.5433333333333,3,487,1.0,0.0,1,2,First-Time Buyers
C1344,Individual,M,USA,Florida,51,Home,No,Agency,1,4,1319490.92,329872.73,531318.81,1139.4675,4,487,1.0,0.0,1,0,First-Time Buyers
C1345,Individual,F,USA,Texas,69,Home,No,Website,5,3,942467.41,314155.80333333334,476279.51,1049.3066666666666,3,609,0.6666666666666666,0.3333333333333333,0,1,Global Investors
C1346,Company,F,USA,Colorado,38,Investment,No,Agency,4,3,1037623.3900000001,345874.4633333334,402065.13,1088.5866666666668,3,91,0.3333333333333333,0.6666666666666666,0,3,Global Investors
C1347,Individual,M,USA,Washington,69,Home,No,Client,2,3,1001705.48,333901.82666666666,375916.09,1090.9466666666667,3,306,1.0,0.0,1,2,First-Time Buyers
C1348,Individual,M,USA,Oregon,27,Home,Yes,Client,4,3,1021309.9299999999,340436.6433333333,398340.41,1186.05,3,153,1.0,0.0,1,2,First-Time Buyers
C1349,Individual,F,USA,Virginia,43,Investment,No,Website,3,3,773186.34,257728.78,313612.06,952.0733333333334,3,184,0.6666666666666666,0.3333333333333333,0,1,Global Investors
C1350,Individual,F,Germany,Hamburg,34,Home,No,Website,5,4,743296.88,185824.22,213732.45,632.215,4,365,1.0,0.0,1,0,First-Time Buyers
C1351,Individual,F,Australia,South Australia,38,Home,No,Client,2,4,1400457.41,350114.3525,482951.02,1234.8075000000001,4,670,1.0,0.0,2,0,Luxury Investors
C1352,Individual,M,USA,California,36,Home,Yes,Agency,2,3,1535963.18,511987.7266666666,629513.2,1635.6233333333332,3,487,0.6666666666666666,0.3333333333333333,2,1,Luxury Investors
C1353,Individual,F,Canada,Alberta,28,Home,No,Agency,1,3,532598.24,177532.74666666667,256968.41,564.01,3,245,1.0,0.0,1,2,First-Time Buyers
C1354,Individual,M,USA,Florida,84,Home,No,Website,5,3,1545799.94,515266.64666666667,693830.82,1685.2766666666666,3,334,0.6666666666666666,0.3333333333333333,2,1,Luxury Investors
C1355,Individual,F,USA,California,59,Investment,Yes,Client,2,3,1245446.7799999998,415148.9266666666,565996.94,1523.6933333333334,3,184,0.6666666666666666,0.3333333333333333,2,1,Luxury Investors
C1356,Individual,M,USA,Oregon,31,Investment,No,Agency,4,3,1490237.62,496745.87333333335,615554.68,1648.5966666666666,3,396,1.0,0.0,2,2,Luxury Investors
C1357,Individual,F,USA,California,38,Home,Yes,Website,5,3,1077383.54,359127.8466666667,617600.77,1104.51,3,274,1.0,0.0,1,2,First-Time Buyers
C1358,Individual,M,USA,Texas,82,Home,No,Agency,4,3,965180.83,321726.9433333333,442609.68,1078.7866666666666,3,365,0.6666666666666666,0.3333333333333333,0,1,Global Investors
C1359,Individual,M,USA,Virginia,50,Home,No,Agency,3,4,1381335.3,345333.825,558406.39,1093.05,4,122,1.0,0.0,1,0,First-Time Buyers
C1360,Individual,M,USA,Virginia,35,Home,No,Agency,4,3,1001006.54,333668.8466666667,490050.27,1111.2966666666666,3,518,1.0,0.0,1,2,First-Time Buyers
C1361,Individual,F,USA,California,82,Home,No,Client,3,4,1529260.3,382315.075,425691.8,1296.5625,4,182,0.75,0.25,2,0,Luxury Investors
C1362,Individual,F,USA,California,60,Investment,Yes,Agency,1,4,993131.84,248282.96,443196.31,894.905,4,516,1.0,0.0,1,2,First-Time Buyers
C1363,Individual,M,USA,Georgia,44,Home,Yes,Agency,5,4,1109919.3599999999,277479.83999999997,468875.36,942.035,4,456,0.75,0.25,0,1,Global Investors
C1364,Individual,F,USA,California,27,Investment,No,Website,1,4,1201578.93,300394.7325,375792.14,1120.62,4,244,1.0,0.0,1,2,First-Time Buyers
C1365,Individual,F,Belgium,Brussels,56,Investment,Yes,Website,5,4,1443894.02,360973.505,549656.89,1260.0625,4,61,1.0,0.0,2,2,Luxury Investors
C1366,Individual,M,USA,California,30,Home,No,Website,1,3,1488525.13,496175.0433333333,568157.47,1678.6133333333335,3,245,1.0,0.0,2,2,Luxury Investors
C1367,Individual,F,Germany,Berlin,72,Home,No,Client,2,3,1035889.5,345296.5,511596.53,1124.5,3,425,0.6666666666666666,0.3333333333333333,0,1,Global Investors
C1368,Individual,M,USA,California,78,Home,Yes,Client,5,4,1378979.49,344744.8725,508149.11,1042.6625,4,486,0.5,0.5,0,1,Global Investors
C1369,Individual,M,France,Brittany,42,Home,Yes,Agency,4,4,1615394.12,403848.53,581627.97,1338.9,4,640,1.0,0.0,2,0,Luxury Investors
C1370,Individual,M,USA,Colorado,60,Investment,No,Agency,1,4,834659.23,208664.8075,234080.49,700.7825,4,426,1.0,0.0,1,1,First-Time Buyers
C1371,Individual,M,UK,England,36,Home,Yes,Website,2,4,1036681.19,259170.2975,312372.65,948.835,4,395,1.0,0.0,1,2,First-Time Buyers
C1372,Individual,F,USA,Washington,44,Investment,No,Website,2,3,874872.8,291624.26666666666,394401.98,1049.3066666666666,3,153,1.0,0.0,1,2,First-Time Buyers
C1373,Individual,F,USA,California,33,Home,Yes,Website,3,3,1275663.27,425221.09,609943.05,1221.6766666666665,3,334,1.0,0.0,2,2,Luxury Investors
C1374,Company,M,France,Ile-de-France,35,Home,Yes,Agency,3,3,1230590.28,410196.76,525078.29,1321.5233333333333,3,518,0.6666666666666666,0.3333333333333333,0,3,Global Investors
C1375,Individual,F,USA,California,53,Investment,Yes,Agency,4,4,1097182.3900000001,274295.59750000003,385581.71,987.505,4,395,0.75,0.25,0,1,Global Investors
C1376,Individual,F,USA,Arizona,38,Investment,Yes,Agency,3,3,1272387.2999999998,424129.0999999999,540188.44,1493.243333333333,3,122,0.6666666666666666,0.3333333333333333,2,1,Luxury Investors
C1377,Individual,F,USA,Utah,41,Investment,No,Website,2,3,828441.4099999999,276147.13666666666,333823.75,862.1066666666666,3,395,1.0,0.0,1,2,First-Time Buyers
C1378,Individual,F,USA,California,49,Investment,No,Website,1,3,1399739.87,466579.9566666667,657622.51,1464.8466666666666,3,181,1.0,0.0,2,2,Luxury Investors
C1379,Individual,M,UK,Scotland,55,Home,No,Website,2,3,827767.69,275922.5633333333,353529.48,1077.3233333333335,3,274,1.0,0.0,1,2,First-Time Buyers
C1380,Individual,M,Canada,Alberta,76,Investment,No,Website,4,3,1012542.1799999999,337514.06,349143.67,1052.4533333333334,3,547,0.6666666666666666,0.3333333333333333,0,1,Global Investors
C1381,Individual,M,Germany,Hesse,63,Home,Yes,Website,3,3,1082639.9100000001,360879.97000000003,537510.16,1131.0966666666666,3,366,1.0,0.0,1,2,First-Time Buyers
C1382,Individual,M,USA,Oregon,74,Home,No,Website,2,4,1176910.13,294227.5325,348186.07,1024.3375,4,335,1.0,0.0,1,0,First-Time Buyers
C1383,Individual,M,USA,California,33,Home,No,Agency,2,3,864768.8300000001,288256.2766666667,340376.82,899.9899999999999,3,426,0.6666666666666666,0.3333333333333333,0,1,Global Investors
C1384,Individual,F,USA,California,37,Home,Yes,Agency,2,3,905480.04,301826.68,344081.34,1016.7633333333333,3,518,1.0,0.0,1,2,First-Time Buyers
C1385,Individual,M,USA,California,79,Home,No,Agency,1,3,1182983.03,394327.6766666667,666248.73,1186.4366666666667,3,425,0.6666666666666666,0.3333333333333333,0,1,Global Investors
C1386,Individual,M,USA,Washington,78,Home,Yes,Website,4,3,1284366.78,428122.26,551266.41,1431.79,3,578,0.6666666666666666,0.3333333333333333,2,1,Luxury Investors
C1387,Individual,M,Germany,Hamburg,82,Investment,No,Website,4,3,804550.47,268183.49,463001.84,901.6266666666667,3,122,1.0,0.0,1,2,First-Time Buyers
C1388,Individual,F,USA,Washington,26,Home,No,Website,3,3,1183031.06,394343.6866666667,567781.4,1283.46,3,518,1.0,0.0,2,2,Luxury Investors
C1389,Individual,M,UK,Scotland,73,Home,No,Website,2,4,1742522.83,435630.7075,705388.85,1282.79,4,487,0.75,0.25,2,1,Luxury Investors
C1390,Individual,F,USA,Nevada,46,Home,No,Website,3,3,906492.19,302164.0633333333,378139.97,971.1899999999999,3,335,0.6666666666666666,0.3333333333333333,0,1,Global Investors
C1391,Individual,F,USA,Utah,51,Home,No,Website,1,4,1579627.98,394906.995,578903.12,1343.6575,4,487,1.0,0.0,2,0,Luxury Investors
C1392,Individual,M,USA,Colorado,35,Home,Yes,Agency,4,4,1434978.2000000002,358744.55000000005,520703.06,1125.5149999999999,4,669,0.75,0.25,0,0,Global Investors
C1393,Individual,F,Mexico,Baja California,44,Investment,No,Agency,1,4,1187799.99,296949.9975,459972.28,1027.325,4,337,1.0,0.0,1,2,First-Time Buyers
C1394,Individual,F,USA,Nevada,48,Home,No,Website,4,4,1325404.6,331351.15,439396.11,967.0,4,456,1.0,0.0,1,0,First-Time Buyers
C1395,Individual,F,Canada,Alberta,37,Investment,No,Website,4,4,1497964.92,374491.23,548965.53,1278.045,4,365,0.75,0.25,2,0,Luxury Investors
C1396,Individual,M,Canada,Manitoba,54,Investment,Yes,Website,3,3,977070.1199999999,325690.04,451060.97,1075.8333333333333,3,213,1.0,0.0,1,2,First-Time Buyers
C1397,Individual,F,USA,Nevada,42,Home,No,Website,4,4,1551369.83,387842.4575,583905.11,1175.235,4,151,1.0,0.0,2,0,Luxury Investors
C1398,Individual,M,USA,California,59,Home,Yes,Website,5,3,926545.71,308848.57,338606.44,1182.08,3,426,1.0,0.0,1,2,First-Time Buyers
C1399,Individual,F,Canada,British Columbia,47,Home,No,Agency,5,4,1259614.96,314903.74,619157.65,1061.1325,4,518,1.0,0.0,1,0,First-Time Buyers
C1400,Individual,F,UK,Northern Ireland,34,Home,No,Client,4,4,1146194.54,286548.635,426811.39,939.4875,4,212,1.0,0.0,1,0,First-Time Buyers
C1401,Individual,F,USA,Virginia,26,Investment,No,Website,1,4,1223523.71,305880.9275,368829.15,1005.5625,4,579,0.5,0.5,0,1,Global Investors
C1402,Individual,F,USA,Utah,57,Home,No,Agency,3,4,1394159.93,348539.9825,491592.98,1132.7375,4,547,1.0,0.0,1,0,First-Time Buyers
C1403,Individual,F,USA,Oregon,42,Home,No,Website,2,4,1463350.69,365837.6725,607483.38,1210.7375000000002,4,640,1.0,0.0,2,0,Luxury Investors
C1404,Individual,F,USA,California,75,Home,No,Agency,4,4,1193678.04,298419.51,368901.23,1024.3375,4,395,1.0,0.0,1,0,First-Time Buyers
C1405,Individual,M,USA,Oregon,70,Home,No,Agency,5,3,1306722.3599999999,435574.11999999994,556748.94,1438.2933333333333,3,487,0.6666666666666666,0.3333333333333333,2,1,Luxury Investors
C1406,Individual,F,USA,California,55,Home,No,Website,3,4,1364413.45,341103.3625,474806.32,1151.6100000000001,4,579,0.75,0.25,0,1,Global Investors
C1407,Individual,F,USA,California,69,Home,No,Agency,1,4,1429717.0899999999,357429.27249999996,517271.54,1123.3175,4,365,0.5,0.5,0,1,Global Investors
C1408,Company,F,USA,California,62,Home,No,Agency,2,4,1345035.74,336258.935,595268.86,1103.3025,4,487,1.0,0.0,1,3,First-Time Buyers
C1409,Individual,F,USA,Oregon,68,Investment,No,Website,2,3,1072801.12,357600.37333333335,395005.44,1117.9399999999998,3,397,0.6666666666666666,0.3333333333333333,0,1,Global Investors
C1410,Individual,F,USA,Nevada,60,Home,No,Agency,2,4,1439196.49,359799.1225,577676.3,1164.0149999999999,4,304,1.0,0.0,2,0,Luxury Investors
C1411,Individual,M,USA,California,38,Home,No,Client,2,4,1318823.1600000001,329705.79000000004,461367.86,1099.4925,4,488,0.75,0.25,0,1,Global Investors
C1412,Company,F,USA,Nevada,40,Home,No,Agency,2,4,1498125.2,374531.3,573336.74,1158.7275,4,700,0.75,0.25,0,3,Global Investors
C1413,Individual,F,USA,California,57,Home,No,Agency,4,4,1489065.1600000001,372266.29000000004,530069.18,1425.7675,4,639,1.0,0.0,2,0,Luxury Investors
C1414,Individual,F,USA,Florida,50,Home,No,Website,4,4,1188718.7,297179.675,479065.61,972.335,4,516,0.5,0.5,0,1,Global Investors
C1415,Individual,M,USA,California,66,Investment,No,Website,1,3,748797.26,249599.08666666667,318935.71,879.3433333333332,3,426,0.6666666666666666,0.3333333333333333,0,1,Global Investors
C1416,Individual,M,USA,Oregon,71,Home,No,Agency,2,3,1418066.3900000001,472688.7966666667,606381.67,1452.2633333333333,3,275,1.0,0.0,2,2,Luxury Investors
C1417,Individual,M,UK,Scotland,72,Home,No,Website,5,3,1023021.48,341007.16,575664.65,1066.59,3,579,1.0,0.0,1,2,First-Time Buyers
C1418,Individual,M,USA,Ohio,71,Investment,No,Website,2,3,1443234.8900000001,481078.2966666667,542134.93,1529.4633333333334,3,426,1.0,0.0,2,2,Luxury Investors
C1419,Individual,M,Germany,Hamburg,54,Investment,Yes,Website,4,4,1143605.72,285901.43,451642.29,928.745,4,153,0.5,0.5,0,1,Global Investors
C1420,Company,M,UK,Wales,44,Home,No,Website,5,4,1196856.69,299214.1725,431727.12,929.6975,4,184,0.25,0.75,0,3,Global Investors
C1421,Individual,M,USA,Colorado,68,Home,No,Website,1,3,938557.1900000001,312852.39666666667,396446.03,1098.0666666666666,3,184,1.0,0.0,1,2,First-Time Buyers
C1422,Individual,M,USA,Florida,70,Investment,Yes,Website,1,4,2032565.11,508141.2775,649524.31,1555.2975000000001,4,245,1.0,0.0,2,0,Luxury Investors
C1423,Individual,M,UK,Northern Ireland,70,Home,Yes,Website,4,4,1822778.3599999999,455694.58999999997,588224.19,1504.0974999999999,4,304,0.75,0.25,2,0,Luxury Investors
C1424,Individual,F,USA,Utah,71,Home,Yes,Agency,2,3,1382756.57,460918.8566666667,602654.49,1465.1466666666665,3,396,1.0,0.0,2,2,Luxury Investors
C1425,Individual,M,Belgium,Flanders,54,Home,No,Website,3,3,1449563.3199999998,483187.77333333326,576814.21,1521.64,3,549,0.6666666666666666,0.3333333333333333,2,1,Luxury Investors
C1426,Individual,F,USA,Washington,61,Home,No,Website,2,4,1709098.18,427274.545,507717.69,1510.65,4,669,1.0,0.0,2,0,Luxury Investors
C1427,Individual,F,Australia,Victoria,70,Home,No,Website,5,4,1378636.21,344659.0525,487252.76,1184.9475,4,365,0.75,0.25,0,1,Global Investors
C1428,Individual,F,USA,Oregon,72,Home,Yes,Agency,4,4,1136052.54,284013.135,474549.83,946.6525,4,365,0.75,0.25,0,1,Global Investors
C1429,Individual,M,USA,Nevada,34,Investment,No,Agency,5,4,1697550.01,424387.5025,499234.71,1421.4650000000001,4,92,0.5,0.5,0,0,Global Investors
C1430,Individual,M,USA,Nevada,62,Home,No,Website,4,3,928463.2,309487.73333333334,438596.72,1022.67,3,427,1.0,0.0,1,2,First-Time Buyers
C1431,Individual,F,Germany,Hesse,82,Home,Yes,Website,3,4,1620159.73,405039.9325,567788.73,1365.9450000000002,4,487,0.75,0.25,2,0,Luxury Investors
C1432,Individual,M,USA,Utah,74,Home,No,Agency,3,3,863383.74,287794.58,301035.57,1033.6200000000001,3,518,0.6666666666666666,0.3333333333333333,0,1,Global Investors
C1433,Individual,M,Germany,Hamburg,72,Home,No,Website,4,3,1358111.0699999998,452703.68999999994,626692.98,1493.243333333333,3,334,1.0,0.0,2,2,Luxury Investors
C1434,Company,F,USA,California,40,Investment,No,Agency,5,4,1038640.05,259660.0125,531069.6,894.905,4,487,1.0,0.0,1,3,First-Time Buyers
C1435,Individual,M,USA,Texas,58,Investment,No,Agency,2,3,903765.87,301255.29,410695.68,945.65,3,547,0.6666666666666666,0.3333333333333333,0,1,Global Investors
C1436,Individual,M,USA,California,27,Home,No,Website,2,3,969917.19,323305.73,363203.22,992.2199999999999,3,487,0.6666666666666666,0.3333333333333333,0,1,Global Investors
C1437,Individual,M,USA,Arizona,28,Investment,No,Agency,5,4,1668948.58,417237.145,614304.54,1332.2825,4,426,0.75,0.25,2,0,Luxury Investors
C1438,Individual,M,USA,California,37,Home,Yes,Agency,2,3,1255115.0,418371.6666666667,574838.1,1321.5033333333333,3,486,0.6666666666666666,0.3333333333333333,0,1,Global Investors
C1439,Individual,F,USA,Virginia,25,Home,No,Agency,2,3,1040682.81,346894.27,420285.34,1138.4233333333334,3,456,1.0,0.0,1,2,First-Time Buyers
C1440,Individual,F,USA,Colorado,73,Investment,No,Agency,2,3,901013.4199999999,300337.80666666664,472362.72,1010.5300000000001,3,182,0.6666666666666666,0.3333333333333333,0,1,Global Investors
C1441,Individual,F,USA,California,80,Investment,No,Website,5,3,1201777.78,400592.5933333333,424676.81,1334.84,3,548,1.0,0.0,2,2,Luxury Investors
C1442,Individual,M,USA,Colorado,25,Home,Yes,Client,2,3,1007348.75,335782.9166666667,534107.07,1110.6233333333332,3,669,1.0,0.0,1,2,First-Time Buyers
C1443,Individual,F,USA,Florida,46,Home,No,Website,2,3,1045348.1100000001,348449.37000000005,618238.68,1072.4833333333333,3,365,1.0,0.0,1,2,First-Time Buyers
C1444,Individual,M,USA,Colorado,44,Home,No,Website,3,3,1089631.7,363210.56666666665,387724.0,1186.05,3,518,1.0,0.0,1,2,First-Time Buyers
C1445,Individual,M,USA,Florida,37,Home,No,Website,5,4,1249138.91,312284.7275,404402.26,976.9675,4,365,1.0,0.0,1,0,First-Time Buyers
C1446,Individual,F,USA,Ohio,74,Home,No,Website,4,4,1550820.49,387705.1225,605564.38,1385.6475,4,366,1.0,0.0,2,0,Luxury Investors
C1447,Individual,F,USA,Nevada,53,Investment,Yes,Client,4,4,1372408.9,343102.225,470911.04,1151.37,4,365,1.0,0.0,1,2,First-Time Buyers
C1448,Individual,M,Russia,Tatarstan,66,Home,No,Website,1,4,1221304.62,305326.155,456799.28,984.9525,4,427,0.75,0.25,0,1,Global Investors
C1449,Individual,F,USA,California,26,Investment,No,Website,5,3,1110557.49,370185.83,543452.8,1221.6766666666665,3,366,1.0,0.0,1,2,First-Time Buyers
C1450,Individual,F,USA,Virginia,29,Home,No,Website,5,3,1028509.6,342836.5333333333,374768.98,1037.5833333333333,3,518,1.0,0.0,1,2,First-Time Buyers
C1451,Individual,F,USA,California,42,Home,No,Website,1,4,1529673.3199999998,382418.32999999996,483688.37,1259.875,4,609,1.0,0.0,2,0,Luxury Investors
C1452,Individual,F,Belgium,Wallonia,32,Home,No,Client,3,3,1320005.77,440001.92333333334,545747.26,1487.6599999999999,3,547,1.0,0.0,2,2,Luxury Investors
C1453,Individual,M,USA,California,44,Home,No,Agency,2,3,1145044.9,381681.6333333333,526401.55,1243.8233333333333,3,151,1.0,0.0,1,2,First-Time Buyers
C1454,Individual,F,USA,California,77,Investment,No,Client,1,3,1188825.44,396275.14666666667,478984.35,1321.5033333333333,3,122,1.0,0.0,2,2,Luxury Investors
C1455,Individual,F,USA,Colorado,36,Home,Yes,Agency,3,3,985992.4299999999,328664.1433333333,472251.6,983.4266666666667,3,486,0.6666666666666666,0.3333333333333333,0,1,Global Investors
C1456,Company,F,USA,Oregon,33,Investment,Yes,Website,1,4,1598853.55,399713.3875,586824.88,1313.38,4,427,1.0,0.0,2,3,Luxury Investors
C1457,Individual,F,USA,California,76,Home,Yes,Agency,3,4,1537205.06,384301.265,538355.66,1227.17,4,548,0.5,0.5,0,1,Global Investors
C1458,Individual,M,USA,Arizona,75,Home,No,Website,1,3,917921.54,305973.8466666667,344813.48,979.0866666666667,3,547,0.6666666666666666,0.3333333333333333,0,1,Global Investors
C1459,Individual,M,USA,Arizona,76,Home,No,Website,5,4,1556253.48,389063.37,530674.29,1385.6475,4,700,1.0,0.0,2,0,Luxury Investors
C1460,Individual,F,UK,England,53,Home,Yes,Agency,1,4,1569390.69,392347.6725,517417.7,1294.645,4,456,1.0,0.0,2,0,Luxury Investors
C1461,Individual,F,USA,California,81,Home,No,Website,5,4,1507966.87,376991.7175,538246.86,1294.645,4,455,1.0,0.0,2,0,Luxury Investors
C1462,Individual,F,Germany,Hamburg,41,Investment,No,Agency,3,4,1220331.12,305082.78,563520.95,956.6725,4,395,0.5,0.5,0,1,Global Investors
C1463,Individual,M,USA,California,82,Home,Yes,Website,2,4,1639044.0,409761.0,560165.35,1386.5875,4,486,1.0,0.0,2,0,Luxury Investors
C1464,Individual,M,USA,Arizona,85,Home,No,Website,1,3,1094818.68,364939.56,516866.8,1086.24,3,547,1.0,0.0,1,2,First-Time Buyers
C1465,Individual,M,USA,Ohio,35,Home,Yes,Website,3,3,1312191.47,437397.1566666667,561841.89,1457.8333333333333,3,31,1.0,0.0,2,2,Luxury Investors
C1466,Individual,F,Belgium,Flanders,26,Investment,No,Website,2,4,1387827.15,346956.7875,536046.25,1053.27,4,396,1.0,0.0,1,2,First-Time Buyers
C1467,Individual,F,USA,California,74,Home,No,Client,5,3,761353.26,253784.42,375027.09,849.6366666666667,3,243,1.0,0.0,1,2,First-Time Buyers
C1468,Individual,M,Canada,Manitoba,85,Home,No,Website,3,3,1072452.07,357484.0233333334,438900.24,1185.3533333333332,3,121,0.3333333333333333,0.6666666666666666,0,1,Global Investors
C1469,Individual,M,USA,Colorado,55,Home,No,Website,1,3,1512121.6400000001,504040.5466666667,581837.55,1538.7766666666666,3,335,1.0,0.0,2,2,Luxury Investors
C1470,Individual,M,USA,Colorado,85,Investment,Yes,Agency,3,3,1440682.21,480227.4033333333,555106.11,1590.8633333333335,3,121,1.0,0.0,2,2,Luxury Investors
C1471,Individual,F,UK,Northern Ireland,85,Home,Yes,Website,1,4,1048588.76,262147.19,354725.76,801.0649999999999,4,669,0.75,0.25,0,1,Global Investors
C1472,Individual,M,USA,Washington,34,Home,No,Website,1,4,1610320.87,402580.2175,566227.62,1237.1025,4,426,1.0,0.0,2,0,Luxury Investors
C1473,Individual,F,USA,California,51,Home,No,Agency,2,4,1415300.74,353825.185,736652.27,1009.23,4,397,1.0,0.0,1,0,First-Time Buyers
C1474,Individual,M,USA,Oregon,56,Home,No,Website,3,4,1563434.47,390858.6175,517206.46,1307.3,4,518,1.0,0.0,2,0,Luxury Investors
C1475,Individual,M,Mexico,Jalisco,81,Home,Yes,Agency,4,4,1579186.25,394796.5625,661652.26,1287.055,4,608,1.0,0.0,2,0,Luxury Investors
C1476,Individual,M,USA,Nevada,25,Home,No,Agency,1,4,1505369.42,376342.355,610193.44,1141.225,4,608,0.75,0.25,0,1,Global Investors
C1477,Company,F,USA,California,57,Investment,No,Agency,1,4,1051466.92,262866.73,458559.81,920.7075,4,488,0.75,0.25,0,3,Global Investors
C1478,Individual,F,Canada,British Columbia,67,Investment,No,Agency,1,3,965772.74,321924.24666666664,398549.19,1082.8966666666668,3,306,1.0,0.0,1,2,First-Time Buyers
C1479,Individual,M,USA,California,57,Investment,No,Website,1,4,1275455.51,318863.8775,612698.53,1018.5225,4,579,1.0,0.0,1,2,First-Time Buyers
C1480,Individual,F,USA,Virginia,40,Investment,No,Client,3,4,1466467.79,366616.9475,573332.74,1220.42,4,549,0.75,0.25,0,0,Global Investors
C1481,Company,F,USA,Arizona,41,Investment,No,Website,3,4,1059700.8800000001,264925.22000000003,367368.12,901.245,4,455,0.25,0.75,0,3,Global Investors
C1482,Individual,F,USA,Oregon,72,Home,Yes,Website,2,4,1665015.1700000002,416253.79250000004,610377.15,1312.8225,4,579,0.75,0.25,2,0,Luxury Investors
C1483,Individual,M,USA,Colorado,50,Home,Yes,Agency,3,4,1831769.62,457942.405,623318.65,1486.3274999999999,4,518,1.0,0.0,2,0,Luxury Investors
C1484,Individual,F,USA,Colorado,54,Home,No,Client,3,4,1117191.81,279297.9525,452777.15,995.0275,4,549,1.0,0.0,1,0,First-Time Buyers
C1485,Individual,F,USA,Washington,41,Investment,No,Website,4,4,1604885.52,401221.38,526180.38,1350.2175,4,182,0.75,0.25,2,0,Luxury Investors
C1486,Individual,F,UK,Wales,29,Home,Yes,Website,5,3,1019385.69,339795.23,416556.23,1156.5633333333333,3,122,0.6666666666666666,0.3333333333333333,0,1,Global Investors
C1487,Individual,F,USA,New York,60,Home,No,Agency,3,4,1553533.51,388383.3775,506031.7,1294.645,4,639,1.0,0.0,2,0,Luxury Investors
C1488,Individual,M,USA,Florida,50,Investment,No,Website,2,3,1029238.79,343079.5966666667,554297.11,1140.1866666666667,3,335,1.0,0.0,1,2,First-Time Buyers
C1489,Individual,F,USA,Arizona,74,Home,No,Agency,5,3,1056549.47,352183.1566666667,416649.42,1240.6066666666666,3,91,0.6666666666666666,0.3333333333333333,0,1,Global Investors
C1490,Individual,M,UK,Wales,31,Investment,Yes,Client,5,3,861119.76,287039.92,357655.99,939.3299999999999,3,337,1.0,0.0,1,2,First-Time Buyers
C1491,Individual,F,USA,Georgia,28,Home,No,Agency,4,4,1056750.03,264187.5075,415532.62,901.245,4,334,1.0,0.0,1,0,First-Time Buyers
C1492,Individual,F,Germany,Bavaria,41,Home,No,Agency,2,3,1309655.49,436551.83,472764.91,1579.3133333333335,3,365,1.0,0.0,2,2,Luxury Investors
C1493,Individual,M,USA,Washington,33,Home,Yes,Agency,4,3,864605.61,288201.87,449252.81,1037.11,3,579,1.0,0.0,1,2,First-Time Buyers
C1494,Individual,M,USA,New York,29,Home,No,Client,1,3,913338.07,304446.0233333333,424747.54,934.8733333333333,3,610,1.0,0.0,1,2,First-Time Buyers
C1495,Individual,M,Denmark,Capital Region,34,Home,No,Website,1,4,2059292.68,514823.17,650190.52,1591.4724999999999,4,487,0.75,0.25,2,0,Luxury Investors
C1496,Individual,M,USA,Florida,39,Home,No,Agency,5,3,1119013.6099999999,373004.5366666666,617811.07,1151.5466666666669,3,214,0.6666666666666666,0.3333333333333333,0,1,Global Investors
C1497,Individual,M,USA,California,85,Investment,No,Agency,4,3,794765.34,264921.77999999997,355085.18,880.66,3,579,0.6666666666666666,0.3333333333333333,0,1,Global Investors
C1498,Individual,F,Mexico,Puebla,58,Investment,No,Website,5,4,1142631.83,285657.9575,431607.68,889.8725000000001,4,486,1.0,0.0,1,2,First-Time Buyers
C1499,Individual,F,Russia,Saint Petersburg,28,Home,Yes,Agency,3,3,1321905.54,440635.18,565905.82,1523.6933333333334,3,578,1.0,0.0,2,2,Luxury Investors
C1500,Individual,F,Australia,Victoria,30,Home,No,Agency,2,4,1020299.92,255074.98,363010.65,841.385,4,274,1.0,0.0,1,0,First-Time Buyers
C1501,Individual,F,USA,Oregon,74,Investment,No,Agency,4,3,761279.08,253759.69333333333,340778.92,851.4266666666667,3,394,0.3333333333333333,0.6666666666666666,0,1,Global Investors
C1502,Individual,F,UK,Wales,31,Home,Yes,Website,5,4,1045772.34,261443.085,352637.6,911.0425,4,306,1.0,0.0,1,2,First-Time Buyers
C1503,Company,M,USA,Arizona,39,Investment,No,Website,5,4,1299971.48,324992.87,570156.97,1050.5725,4,456,0.5,0.5,0,3,Global Investors
C1504,Individual,M,USA,California,79,Home,No,Website,4,3,871805.96,290601.98666666663,384006.83,979.0866666666667,3,273,1.0,0.0,1,2,First-Time Buyers
C1505,Individual,M,USA,Virginia,31,Home,No,Agency,3,4,1012922.06,253230.515,380365.78,799.9225,4,153,0.5,0.5,0,1,Global Investors
C1506,Individual,M,USA,Utah,75,Investment,No,Website,3,3,1010109.4,336703.13333333336,369810.4,1155.4633333333334,3,122,0.6666666666666666,0.3333333333333333,0,1,Global Investors
C1507,Individual,F,USA,Florida,74,Home,No,Agency,3,4,1499666.44,374916.61,572514.83,1220.915,4,516,1.0,0.0,2,0,Luxury Investors
C1508,Individual,M,UK,Scotland,31,Home,No,Agency,3,4,965283.79,241320.9475,288985.79,783.64,4,517,0.75,0.25,0,1,Global Investors
C1509,Individual,F,USA,California,79,Home,No,Website,3,4,1821912.8699999999,455478.21749999997,601608.38,1482.5875,4,244,1.0,0.0,2,0,Luxury Investors
C1510,Company,M,USA,California,63,Home,No,Agency,5,3,804243.22,268081.0733333333,356271.34,842.68,3,579,1.0,0.0,1,3,First-Time Buyers
C1511,Individual,F,France,Provence,36,Home,Yes,Website,2,3,1093080.8599999999,364360.2866666666,556945.98,1152.6466666666668,3,273,0.6666666666666666,0.3333333333333333,0,1,Global Investors
C1512,Individual,F,USA,Nevada,70,Home,Yes,Client,4,4,1209056.95,302264.2375,387618.51,1046.42,4,304,0.75,0.25,0,1,Global Investors
C1513,Individual,F,USA,Florida,30,Home,No,Website,2,3,1452266.37,484088.79000000004,552490.44,1538.7766666666666,3,275,1.0,0.0,2,2,Luxury Investors
C1514,Individual,F,USA,New York,39,Home,No,Website,4,3,1211908.53,403969.51,458308.65,1386.32,3,212,0.6666666666666666,0.3333333333333333,0,1,Global Investors
C1515,Individual,F,USA,Nevada,79,Investment,No,Website,5,4,1433703.52,358425.88,499781.62,1227.17,4,547,0.75,0.25,0,2,Global Investors
C1516,Individual,F,USA,Texas,72,Home,No,Website,4,3,690456.91,230152.30333333334,355876.81,801.46,3,518,0.6666666666666666,0.3333333333333333,0,1,Global Investors
C1517,Individual,M,USA,California,47,Investment,No,Agency,2,4,1328693.42,332173.355,442491.43,1076.59,4,547,0.75,0.25,0,1,Global Investors
C1518,Individual,F,Australia,Victoria,31,Home,Yes,Agency,5,4,961942.8799999999,240485.71999999997,280586.67,886.4275,4,486,1.0,0.0,1,2,First-Time Buyers
C1519,Individual,M,USA,California,53,Home,No,Agency,1,4,1366990.1300000001,341747.53250000003,630466.93,1072.9850000000001,4,518,1.0,0.0,1,0,First-Time Buyers
C1520,Individual,M,USA,Utah,80,Home,No,Website,1,4,1425469.02,356367.255,556062.8,1187.8925,4,426,1.0,0.0,2,0,Luxury Investors
C1521,Individual,M,USA,Nevada,52,Home,No,Agency,4,3,913579.4099999999,304526.47,346864.73,1032.28,3,700,1.0,0.0,1,2,First-Time Buyers
C1522,Individual,F,USA,Washington,61,Home,No,Website,5,4,1598304.98,399576.245,568937.95,1378.985,4,548,0.75,0.25,2,1,Luxury Investors
C1523,Company,M,Australia,Victoria,44,Investment,No,Website,3,4,1652083.92,413020.98,563972.46,1334.8775,4,214,1.0,0.0,2,3,Luxury Investors
C1524,Individual,M,USA,Virginia,58,Home,No,Client,2,4,1434208.3,358552.075,582397.59,1164.0149999999999,4,486,0.5,0.5,0,1,Global Investors
C1525,Individual,M,USA,California,66,Home,No,Agency,1,3,1336757.18,445585.7266666666,544081.2,1511.63,3,303,1.0,0.0,2,2,Luxury Investors
C1526,Individual,F,USA,California,69,Home,No,Website,3,3,1429330.15,476443.3833333333,559747.82,1600.9133333333332,3,426,1.0,0.0,2,2,Luxury Investors
C1527,Individual,F,USA,California,36,Home,No,Agency,1,3,993447.0599999999,331149.01999999996,403651.55,1200.3500000000001,3,457,1.0,0.0,1,2,First-Time Buyers
C1528,Individual,F,Germany,Hamburg,28,Home,Yes,Website,1,3,1058452.68,352817.56,522641.04,1125.17,3,426,0.6666666666666666,0.3333333333333333,0,1,Global Investors
C1529,Company,M,USA,California,36,Home,No,Website,4,4,1614522.9000000001,403630.72500000003,559177.67,1350.98,4,670,1.0,0.0,2,3,Luxury Investors
C1530,Individual,F,USA,California,37,Home,No,Website,2,3,1011087.75,337029.25,506418.4,1107.81,3,517,1.0,0.0,1,2,First-Time Buyers
C1531,Individual,M,France,Brittany,61,Investment,No,Website,2,4,1272471.05,318117.7625,509367.59,1065.415,4,244,0.5,0.5,0,1,Global Investors
C1532,Individual,F,USA,Texas,27,Home,Yes,Website,3,4,1446462.79,361615.6975,553937.2,1164.0149999999999,4,396,1.0,0.0,2,0,Luxury Investors
C1533,Individual,M,Canada,British Columbia,37,Home,No,Agency,4,4,1019127.09,254781.7725,479088.84,727.265,4,303,0.5,0.5,0,1,Global Investors
C1534,Individual,F,USA,California,29,Home,Yes,Website,4,3,1195359.88,398453.2933333333,552866.95,1303.4733333333334,3,548,1.0,0.0,2,2,Luxury Investors
C1535,Individual,M,UK,England,31,Investment,No,Agency,3,4,1967005.46,491751.365,621748.81,1591.4724999999999,4,396,1.0,0.0,2,2,Luxury Investors
C1536,Individual,F,USA,Washington,43,Home,No,Website,3,3,1076884.84,358961.61333333334,687894.92,1050.6433333333332,3,396,0.6666666666666666,0.3333333333333333,0,1,Global Investors
C1537,Individual,F,USA,Arizona,26,Home,No,Website,5,3,1637300.4100000001,545766.8033333333,581950.52,1579.3133333333335,3,212,0.6666666666666666,0.3333333333333333,2,1,Luxury Investors
C1538,Individual,F,USA,California,78,Investment,No,Website,5,3,775544.78,258514.92666666667,394524.62,941.38,3,488,0.6666666666666666,0.3333333333333333,0,1,Global Investors
C1539,Individual,M,USA,Nevada,28,Home,No,Agency,1,3,811448.36,270482.7866666667,281239.32,995.5099999999999,3,396,1.0,0.0,1,2,First-Time Buyers
C1540,Individual,M,USA,California,68,Home,Yes,Client,2,3,842510.7,280836.89999999997,433230.74,908.2333333333332,3,243,1.0,0.0,1,2,First-Time Buyers
C1541,Individual,M,USA,California,61,Home,No,Website,2,4,1173616.46,293404.115,412683.22,995.0275,4,151,0.75,0.25,0,1,Global Investors
C1542,Individual,M,USA,Nevada,36,Home,Yes,Website,1,3,1261648.92,420549.63999999996,589311.2,1356.7466666666667,3,335,1.0,0.0,2,2,Luxury Investors
C1543,Individual,F,USA,New York,70,Investment,No,Agency,3,3,1199490.31,399830.10333333333,586216.96,1267.4066666666668,3,215,0.6666666666666666,0.3333333333333333,0,1,Global Investors
C1544,Individual,F,Russia,Tatarstan,78,Home,No,Website,3,3,1551623.3,517207.76666666666,596353.18,1679.1066666666666,3,366,1.0,0.0,2,2,Luxury Investors
C1545,Individual,F,USA,California,33,Investment,Yes,Website,1,3,1101811.15,367270.3833333333,494550.09,1254.5033333333333,3,91,1.0,0.0,1,2,First-Time Buyers
C1546,Individual,F,Mexico,Puebla,59,Home,Yes,Agency,4,4,1161022.51,290255.6275,519316.1,874.9925000000001,4,183,0.75,0.25,0,0,Global Investors
C1547,Individual,F,USA,Florida,50,Home,Yes,Agency,2,4,1199337.46,299834.365,455404.07,997.415,4,700,0.75,0.25,0,1,Global Investors
C1548,Company,M,USA,California,58,Home,Yes,Website,2,3,615223.03,205074.34333333335,249761.11,678.9699999999999,3,365,1.0,0.0,1,3,First-Time Buyers
C1549,Individual,M,Mexico,Nuevo Leon,64,Home,No,Client,4,3,837044.35,279014.7833333333,334152.7,983.4266666666667,3,245,1.0,0.0,1,2,First-Time Buyers
C1550,Individual,M,USA,California,27,Home,No,Agency,2,4,1368767.79,342191.9475,579944.58,1164.0149999999999,4,486,1.0,0.0,1,0,First-Time Buyers
C1551,Individual,M,USA,California,34,Home,No,Agency,2,3,1252240.69,417413.5633333333,487577.71,1438.2933333333333,3,243,0.6666666666666666,0.3333333333333333,2,1,Luxury Investors
C1552,Individual,M,USA,California,78,Investment,Yes,Agency,2,4,1356450.7000000002,339112.67500000005,570187.06,1074.0525,4,335,0.75,0.25,0,1,Global Investors
C1553,Company,M,USA,Utah,35,Home,No,Agency,4,3,979536.36,326512.12,505829.79,1038.7166666666667,3,547,1.0,0.0,1,3,First-Time Buyers
C1554,Individual,M,Germany,Bavaria,27,Home,No,Website,1,3,742034.24,247344.74666666667,293555.19,678.9699999999999,3,426,1.0,0.0,1,2,First-Time Buyers
C1555,Individual,F,UK,England,79,Home,No,Website,5,4,1233852.38,308463.095,488976.07,1012.5575,4,396,1.0,0.0,1,0,First-Time Buyers
C1556,Individual,F,USA,Colorado,43,Investment,No,Agency,2,4,1215734.71,303933.6775,410418.36,1020.3875,4,486,1.0,0.0,1,2,First-Time Buyers
C1557,Individual,F,USA,New York,83,Home,Yes,Website,2,3,955054.1799999999,318351.3933333333,528144.96,1072.4833333333333,3,518,1.0,0.0,1,2,First-Time Buyers
C1558,Individual,M,Mexico,Baja California,81,Home,No,Website,4,3,1482069.56,494023.1866666667,578692.29,1680.5266666666666,3,122,0.3333333333333333,0.6666666666666666,0,1,Global Investors
C1559,Individual,F,UK,England,50,Home,No,Website,2,3,1345808.87,448602.9566666667,527049.84,1445.2933333333333,3,366,1.0,0.0,2,2,Luxury Investors
C1560,Individual,F,USA,California,85,Home,Yes,Client,4,3,1052677.5699999998,350892.52333333326,415366.42,1148.0433333333333,3,151,0.6666666666666666,0.3333333333333333,0,1,Global Investors
C1561,Individual,M,Mexico,Nuevo Leon,61,Investment,No,Agency,5,3,1135294.51,378431.50333333336,661640.07,1193.7733333333333,3,396,1.0,0.0,1,2,First-Time Buyers
C1562,Individual,F,USA,California,38,Home,No,Client,4,3,1179775.32,393258.44,534178.9,1268.0466666666669,3,274,1.0,0.0,2,2,Luxury Investors
C1563,Individual,F,USA,Utah,38,Home,No,Website,5,3,979729.05,326576.35000000003,428024.76,1090.7733333333333,3,123,0.6666666666666666,0.3333333333333333,0,1,Global Investors
C1564,Individual,M,USA,Washington,61,Investment,No,Website,5,3,1595925.43,531975.1433333333,634070.07,1635.6233333333332,3,426,1.0,0.0,2,2,Luxury Investors
C1565,Individual,M,Mexico,Jalisco,45,Home,No,Agency,4,4,1140899.22,285224.805,422684.36,994.0725,4,335,0.75,0.25,0,1,Global Investors
C1566,Individual,M,USA,California,30,Home,No,Website,3,4,1450240.65,362560.1625,530764.64,1175.235,4,243,1.0,0.0,2,0,Luxury Investors
C1567,Individual,M,USA,Georgia,48,Home,No,Client,4,4,1594452.6199999999,398613.15499999997,537350.96,1276.9875,4,486,0.75,0.25,2,1,Luxury Investors
C1568,Individual,F,USA,California,35,Home,No,Website,5,3,1373808.0899999999,457936.02999999997,570859.46,1357.1933333333334,3,182,0.6666666666666666,0.3333333333333333,2,1,Luxury Investors
C1569,Individual,F,USA,California,32,Investment,Yes,Website,1,3,1175242.5499999998,391747.5166666666,624932.71,1258.29,3,578,1.0,0.0,2,2,Luxury Investors
C1570,Individual,F,USA,Ohio,62,Home,No,Website,5,4,1469638.4,367409.6,493931.35,1333.5625,4,60,1.0,0.0,2,0,Luxury Investors
C1571,Individual,M,USA,California,47,Home,No,Website,2,4,1243439.96,310859.99,396729.97,1092.085,4,335,1.0,0.0,1,0,First-Time Buyers
C1572,Individual,M,Australia,Queensland,65,Home,No,Agency,3,4,886149.52,221537.38,284177.91,748.33,4,486,1.0,0.0,1,0,First-Time Buyers
C1573,Individual,F,USA,California,79,Home,No,Website,1,4,1175839.94,293959.985,410772.92,1059.9375,4,120,0.5,0.5,0,1,Global Investors
C1574,Individual,M,USA,California,41,Home,No,Website,4,3,1195224.9,398408.3,488398.75,1255.6333333333334,3,394,1.0,0.0,2,2,Luxury Investors
C1575,Individual,M,USA,California,25,Home,No,Website,2,4,1395067.1600000001,348766.79000000004,494892.28,1158.7275,4,518,1.0,0.0,1,0,First-Time Buyers
C1576,Individual,F,USA,Nevada,48,Investment,Yes,Website,3,4,1359536.24,339884.06,516417.01,1098.1675,4,516,0.75,0.25,0,0,Global Investors
C1577,Individual,M,Germany,Bavaria,42,Home,No,Website,3,3,1427933.58,475977.86000000004,574268.12,1471.8999999999999,3,488,0.6666666666666666,0.3333333333333333,2,1,Luxury Investors
C1578,Individual,M,USA,California,29,Investment,No,Website,2,3,765431.01,255143.67,334041.57,934.8733333333333,3,456,1.0,0.0,1,2,First-Time Buyers
C1579,Individual,M,USA,Arizona,80,Investment,No,Website,4,4,1101753.5899999999,275438.39749999996,300464.18,952.0525,4,365,0.75,0.25,0,1,Global Investors
C1580,Individual,M,USA,Georgia,28,Investment,Yes,Website,1,4,1008834.66,252208.665,458458.71,872.2,4,700,0.75,0.25,0,1,Global Investors
C1581,Individual,M,USA,California,75,Investment,No,Website,1,3,1123364.22,374454.74,518409.3,1023.9266666666666,3,90,0.3333333333333333,0.6666666666666666,0,1,Global Investors
C1582,Individual,M,France,Ile-de-France,70,Home,Yes,Client,4,3,1030269.01,343423.00333333336,446919.96,1050.08,3,183,0.6666666666666666,0.3333333333333333,0,1,Global Investors
C1583,Individual,M,USA,California,57,Home,No,Agency,2,4,1378030.61,344507.6525,456061.7,1170.135,4,426,0.75,0.25,0,1,Global Investors
C1584,Company,M,France,Brittany,40,Investment,Yes,Website,1,3,1199226.44,399742.14666666667,491267.17,1361.7433333333333,3,92,1.0,0.0,2,3,Luxury Investors
C1585,Individual,M,Canada,Ontario,65,Home,No,Website,5,4,1480011.91,370002.9775,478106.01,1276.8225,4,245,1.0,0.0,2,0,Luxury Investors
C1586,Individual,F,Germany,Berlin,58,Home,No,Website,3,3,1116579.83,372193.2766666667,419816.08,1224.68,3,456,1.0,0.0,1,2,First-Time Buyers
C1587,Individual,M,Canada,Quebec,82,Investment,Yes,Agency,4,3,743057.13,247685.71,358380.74,850.2466666666668,3,30,1.0,0.0,1,2,First-Time Buyers
C1588,Individual,F,USA,Utah,45,Investment,No,Website,5,3,957201.31,319067.10333333333,503642.95,1104.51,3,397,1.0,0.0,1,2,First-Time Buyers
C1589,Individual,F,USA,California,72,Investment,No,Agency,4,3,1380536.7000000002,460178.9000000001,593745.43,1396.87,3,61,0.6666666666666666,0.3333333333333333,2,1,Luxury Investors
C1590,Company,F,USA,Oregon,46,Home,No,Website,1,4,1470403.6,367600.9,497116.96,1228.8325,4,365,0.75,0.25,0,3,Global Investors
C1591,Individual,F,USA,California,54,Investment,No,Website,4,4,1676312.98,419078.245,523585.37,1341.715,4,518,1.0,0.0,2,2,Luxury Investors
C1592,Individual,F,USA,Texas,50,Investment,Yes,Agency,2,4,878452.1900000001,219613.04750000002,273978.28,735.11,4,487,0.75,0.25,0,1,Global Investors
C1593,Individual,M,USA,California,50,Home,No,Website,1,4,825960.49,206490.1225,280450.33,666.135,4,153,1.0,0.0,1,0,First-Time Buyers
C1594,Individual,F,USA,Colorado,56,Home,No,Agency,2,4,1522994.53,380748.6325,524785.88,1259.875,4,304,0.75,0.25,2,0,Luxury Investors
C1595,Individual,M,USA,California,70,Home,No,Website,5,4,1310147.8599999999,327536.96499999997,583134.02,1186.5225,4,365,1.0,0.0,1,0,First-Time Buyers
C1596,Individual,M,Germany,Berlin,46,Investment,No,Website,4,3,1642954.44,547651.48,634487.77,1649.26,3,395,1.0,0.0,2,2,Luxury Investors
C1597,Individual,F,USA,Nevada,76,Investment,Yes,Website,4,4,1155778.2,288944.55,356644.67,947.7475,4,456,1.0,0.0,1,2,First-Time Buyers
C1598,Individual,F,USA,Georgia,85,Home,Yes,Agency,4,3,1163931.67,387977.2233333333,523992.65,1310.3966666666665,3,427,1.0,0.0,2,2,Luxury Investors
C1599,Individual,F,USA,Virginia,45,Investment,Yes,Website,5,3,1321031.17,440343.7233333333,584321.85,1337.1733333333334,3,396,1.0,0.0,2,2,Luxury Investors
C1600,Individual,F,Belgium,Wallonia,57,Home,No,Website,5,4,1237164.36,309291.09,430028.88,984.6475,4,245,1.0,0.0,1,0,First-Time Buyers
C1601,Individual,F,Russia,Krasnodar Krai,29,Home,No,Website,3,3,829078.01,276359.33666666667,324581.41,913.6700000000001,3,609,1.0,0.0,1,2,First-Time Buyers
C1602,Individual,M,USA,Nevada,39,Investment,No,Website,4,4,1676863.99,419215.9975,534260.23,1425.28,4,426,1.0,0.0,2,2,Luxury Investors
C1603,Individual,F,UK,England,63,Home,No,Website,5,4,1077719.71,269429.9275,371548.46,976.2049999999999,4,426,0.5,0.5,0,1,Global Investors
C1604,Individual,M,USA,Texas,76,Home,No,Website,4,3,1050264.24,350088.08,539529.66,1243.8233333333333,3,457,0.6666666666666666,0.3333333333333333,0,1,Global Investors
C1605,Individual,M,UK,England,26,Investment,Yes,Website,4,4,1170783.34,292695.835,573983.92,874.9925000000001,4,457,0.5,0.5,0,1,Global Investors
C1606,Individual,M,USA,Washington,60,Home,Yes,Agency,1,3,917562.71,305854.23666666663,396586.67,1033.4833333333333,3,303,0.6666666666666666,0.3333333333333333,0,1,Global Investors
C1607,Individual,F,USA,California,62,Home,No,Agency,3,3,829294.5700000001,276431.5233333334,345524.63,927.6066666666666,3,426,1.0,0.0,1,2,First-Time Buyers
C1608,Individual,F,UK,England,26,Home,Yes,Website,4,3,1431381.65,477127.2166666666,609069.59,1447.82,3,61,0.6666666666666666,0.3333333333333333,2,1,Luxury Investors
C1609,Individual,M,USA,California,61,Investment,No,Website,2,3,804844.43,268281.4766666667,327614.46,900.46,3,122,1.0,0.0,1,2,First-Time Buyers
C1610,Individual,M,USA,California,58,Investment,No,Website,3,4,1249167.74,312291.935,464148.93,1114.2125,4,610,0.75,0.25,0,1,Global Investors
C1611,Individual,F,USA,Nevada,50,Investment,No,Website,4,4,1072189.52,268047.38,300261.31,842.75,4,337,1.0,0.0,1,2,First-Time Buyers
C1612,Individual,M,USA,California,35,Home,No,Agency,1,3,766554.56,255518.18666666668,389142.71,839.1433333333334,3,184,1.0,0.0,1,2,First-Time Buyers
C1613,Individual,M,Denmark,Southern Denmark,27,Home,Yes,Agency,2,4,1608368.22,402092.055,536339.3,1400.6975,4,337,0.75,0.25,2,0,Luxury Investors
C1614,Individual,F,USA,Utah,57,Investment,No,Website,4,3,822155.05,274051.68333333335,375800.81,1059.3466666666666,3,214,1.0,0.0,1,2,First-Time Buyers
C1615,Individual,M,USA,Utah,62,Home,No,Agency,5,3,857125.52,285708.50666666665,475179.93,903.87,3,609,1.0,0.0,1,2,First-Time Buyers
C1616,Individual,M,UK,Wales,34,Investment,Yes,Website,5,4,1344053.71,336013.4275,542250.95,1128.1275,4,700,1.0,0.0,1,2,First-Time Buyers
C1617,Individual,F,USA,California,73,Home,No,Website,3,3,776005.5,258668.5,389944.98,839.1433333333334,3,394,1.0,0.0,1,2,First-Time Buyers
C1618,Individual,F,USA,Washington,63,Home,Yes,Website,2,4,1356655.6800000002,339163.92000000004,567758.66,1103.3025,4,608,0.75,0.25,0,1,Global Investors
C1619,Individual,M,Belgium,Wallonia,73,Home,No,Website,2,4,1390206.46,347551.615,466648.29,1164.0149999999999,4,579,0.5,0.5,0,1,Global Investors
C1620,Individual,M,USA,California,81,Home,Yes,Website,1,3,788250.3500000001,262750.1166666667,306030.71,979.0866666666667,3,275,0.6666666666666666,0.3333333333333333,0,1,Global Investors
C1621,Individual,M,USA,Oregon,71,Investment,No,Agency,2,3,739739.97,246579.99,330239.65,973.09,3,396,1.0,0.0,1,2,First-Time Buyers
C1622,Individual,F,USA,Oregon,64,Home,Yes,Website,1,3,1054193.3599999999,351397.7866666666,466599.16,1107.81,3,151,1.0,0.0,1,2,First-Time Buyers
C1623,Individual,F,USA,Oregon,31,Home,No,Website,4,3,1060233.46,353411.1533333333,508317.94,1111.2966666666666,3,61,1.0,0.0,1,2,First-Time Buyers
C1624,Individual,F,USA,California,74,Home,Yes,Website,4,4,1943363.94,485840.985,663848.64,1602.67,4,610,1.0,0.0,2,0,Luxury Investors
C1625,Individual,M,Australia,Western Australia,25,Home,No,Agency,4,3,910587.85,303529.2833333333,437096.17,1094.84,3,334,1.0,0.0,1,2,First-Time Buyers
C1626,Individual,F,France,Provence,55,Home,Yes,Website,2,3,1225657.22,408552.4066666667,506351.81,1464.8466666666666,3,92,1.0,0.0,2,2,Luxury Investors
C1627,Individual,M,USA,California,52,Investment,No,Website,1,3,1275226.77,425075.59,487397.65,1527.8633333333335,3,549,1.0,0.0,2,2,Luxury Investors
C1628,Company,F,France,Normandy,32,Home,Yes,Website,4,3,800299.08,266766.36,369992.93,842.73,3,365,0.6666666666666666,0.3333333333333333,0,3,Global Investors
C1629,Individual,F,USA,Utah,69,Home,No,Agency,5,3,789150.05,263050.01666666666,370439.82,1008.13,3,426,0.6666666666666666,0.3333333333333333,0,1,Global Investors
C1630,Company,F,USA,Virginia,31,Investment,Yes,Website,1,3,1206881.92,402293.9733333333,466289.68,1338.1466666666668,3,213,0.6666666666666666,0.3333333333333333,0,3,Global Investors
C1631,Individual,F,UK,Northern Ireland,59,Home,No,Website,5,4,1683720.2,420930.05,605216.52,1267.07,4,397,0.75,0.25,2,1,Luxury Investors
C1632,Individual,F,USA,California,62,Investment,Yes,Agency,3,4,1425130.6800000002,356282.67000000004,587752.9,1152.755,4,670,1.0,0.0,2,2,Luxury Investors
C1633,Individual,F,Canada,Ontario,48,Home,No,Website,2,3,847190.3300000001,282396.7766666667,430268.83,976.8166666666666,3,304,0.6666666666666666,0.3333333333333333,0,1,Global Investors
C1634,Individual,F,USA,Georgia,81,Investment,No,Website,2,4,1044217.01,261054.2525,444069.92,872.2,4,639,1.0,0.0,1,2,First-Time Buyers
C1635,Individual,M,France,Brittany,77,Home,No,Website,1,4,1104480.44,276120.11,557253.35,919.7425000000001,4,547,1.0,0.0,1,0,First-Time Buyers
C1636,Company,F,USA,Arizona,38,Home,Yes,Website,5,3,1171439.72,390479.9066666667,480665.23,1308.5133333333333,3,213,0.6666666666666666,0.3333333333333333,0,3,Global Investors
C1637,Individual,M,Mexico,Nuevo Leon,56,Home,No,Agency,5,3,1333020.46,444340.1533333333,558806.02,1525.18,3,306,1.0,0.0,2,2,Luxury Investors
C1638,Individual,F,France,Occitanie,47,Investment,Yes,Agency,1,3,1047895.71,349298.57,487075.17,1175.6833333333334,3,304,0.3333333333333333,0.6666666666666666,0,1,Global Investors
C1639,Individual,M,USA,Colorado,82,Home,No,Website,1,4,1088561.44,272140.36,434288.76,975.4225,4,366,1.0,0.0,1,0,First-Time Buyers
C1640,Individual,F,USA,California,59,Home,Yes,Website,1,4,1172146.65,293036.6625,383671.53,1047.99,4,182,1.0,0.0,1,2,First-Time Buyers
C1641,Individual,M,USA,Utah,53,Home,No,Agency,1,4,1898878.08,474719.52,649429.33,1504.0974999999999,4,639,0.5,0.5,2,0,Luxury Investors
C1642,Individual,F,Canada,British Columbia,44,Home,No,Website,5,4,1441785.62,360446.405,590849.87,1167.1599999999999,4,426,0.5,0.5,0,1,Global Investors
C1643,Individual,M,France,Ile-de-France,47,Home,No,Agency,4,3,1182889.92,394296.63999999996,522875.6,1468.6933333333334,3,365,1.0,0.0,2,2,Luxury Investors
C1644,Individual,F,USA,California,81,Home,No,Client,1,4,1312822.17,328205.5425,406698.29,1024.3375,4,213,1.0,0.0,1,0,First-Time Buyers
C1645,Individual,F,Australia,New South Wales,30,Investment,No,Website,1,4,1503973.21,375993.3025,503034.95,1238.115,4,518,0.75,0.25,0,0,Global Investors
C1646,Individual,M,USA,Washington,27,Investment,Yes,Agency,4,3,972186.46,324062.1533333333,356950.7,1052.4533333333334,3,92,1.0,0.0,1,2,First-Time Buyers
C1647,Individual,M,USA,Ohio,80,Home,Yes,Agency,4,3,1316368.95,438789.64999999997,474177.38,1471.8999999999999,3,273,1.0,0.0,2,2,Luxury Investors
C1648,Individual,F,Australia,New South Wales,76,Home,No,Website,3,3,1282946.7,427648.89999999997,515026.76,1476.9433333333334,3,274,0.6666666666666666,0.3333333333333333,2,1,Luxury Investors
C1649,Individual,F,USA,Oregon,43,Home,Yes,Agency,4,4,1540887.81,385221.9525,440680.26,1254.045,4,516,0.75,0.25,2,0,Luxury Investors
C1650,Individual,M,USA,Washington,56,Investment,No,Website,2,3,1065238.5,355079.5,573660.29,1057.95,3,275,0.6666666666666666,0.3333333333333333,0,1,Global Investors
C1651,Individual,M,USA,California,80,Investment,No,Website,4,3,962066.4199999999,320688.80666666664,453763.04,880.66,3,487,1.0,0.0,1,2,First-Time Buyers
C1652,Individual,M,USA,Nevada,61,Investment,Yes,Client,4,3,1078933.8,359644.60000000003,468522.56,1168.3833333333334,3,700,0.6666666666666666,0.3333333333333333,0,1,Global Investors
C1653,Individual,F,USA,Colorado,51,Investment,Yes,Website,4,4,957106.48,239276.62,394592.34,860.9325,4,334,1.0,0.0,1,2,First-Time Buyers
C1654,Individual,F,USA,California,57,Home,No,Website,1,4,1250065.3800000001,312516.34500000003,579412.56,951.6375,4,365,0.75,0.25,0,1,Global Investors
C1655,Individual,F,USA,Texas,60,Investment,No,Website,2,3,974749.8,324916.60000000003,398928.35,1088.5866666666668,3,245,0.6666666666666666,0.3333333333333333,0,1,Global Investors
C1656,Individual,M,Belgium,Wallonia,34,Investment,Yes,Website,4,4,1401657.84,350414.46,531573.93,1182.3725,4,395,0.75,0.25,0,0,Global Investors
C1657,Individual,M,USA,California,67,Home,No,Website,2,4,1316624.69,329156.1725,487604.6,1023.9675,4,395,0.75,0.25,0,1,Global Investors
C1658,Individual,M,USA,California,55,Home,No,Agency,5,4,1243178.6,310794.65,488058.16,984.12,4,214,1.0,0.0,1,0,First-Time Buyers
C1659,Individual,M,Denmark,Zealand,79,Home,No,Website,4,4,1576416.87,394104.2175,536988.38,1307.3,4,547,1.0,0.0,2,0,Luxury Investors
C1660,Individual,M,USA,Nevada,85,Home,Yes,Website,4,4,1330046.48,332511.62,529448.55,1068.57,4,365,1.0,0.0,1,0,First-Time Buyers
C1661,Individual,M,USA,Washington,50,Home,No,Agency,4,3,1511063.27,503687.75666666665,626977.89,1599.3433333333332,3,395,0.6666666666666666,0.3333333333333333,2,1,Luxury Investors
C1662,Individual,M,Russia,Tatarstan,58,Home,No,Website,4,4,1505862.74,376465.685,536177.39,1320.35,4,365,0.75,0.25,2,1,Luxury Investors
C1663,Individual,M,USA,Colorado,48,Investment,No,Agency,3,3,926064.21,308688.07,399712.39,1042.71,3,92,0.6666666666666666,0.3333333333333333,0,1,Global Investors
C1664,Individual,F,France,Occitanie,56,Investment,No,Agency,5,3,1390001.73,463333.91,559963.06,1445.2933333333333,3,243,0.6666666666666666,0.3333333333333333,2,1,Luxury Investors
C1665,Individual,M,USA,Arizona,30,Home,No,Website,5,4,966971.19,241742.7975,324550.9,827.2,4,487,1.0,0.0,1,0,First-Time Buyers
C1666,Individual,F,USA,Ohio,63,Home,No,Website,2,3,706503.5900000001,235501.19666666668,272425.15,736.0433333333334,3,516,1.0,0.0,1,2,First-Time Buyers
C1667,Individual,F,USA,California,58,Investment,No,Agency,4,3,831811.52,277270.50666666665,312521.87,862.11,3,365,1.0,0.0,1,2,First-Time Buyers
C1668,Individual,M,Australia,Victoria,68,Home,No,Website,5,4,1046863.21,261715.8025,439078.0,872.2,4,151,1.0,0.0,1,0,First-Time Buyers
C1669,Individual,M,Canada,Alberta,65,Investment,Yes,Agency,3,4,948271.3400000001,237067.83500000002,330897.08,837.5225,4,366,0.5,0.5,0,1,Global Investors
C1670,Individual,F,USA,Colorado,55,Home,Yes,Website,3,4,1356021.03,339005.2575,441253.62,1076.59,4,548,0.75,0.25,0,1,Global Investors
C1671,Individual,F,USA,California,77,Home,No,Agency,3,4,1329236.75,332309.1875,442394.76,1120.62,4,639,0.75,0.25,0,1,Global Investors
C1672,Individual,F,USA,Nevada,51,Investment,No,Website,4,3,728363.1699999999,242787.7233333333,361228.37,889.9166666666666,3,425,1.0,0.0,1,2,First-Time Buyers
C1673,Individual,F,USA,Washington,33,Home,Yes,Website,1,4,1803634.76,450908.69,726903.51,1422.9925,4,486,0.75,0.25,2,0,Luxury Investors
C1674,Individual,F,USA,California,84,Home,Yes,Website,5,4,1614623.53,403655.8825,551658.47,1268.7075,4,579,0.75,0.25,2,0,Luxury Investors
C1675,Individual,F,Canada,Alberta,40,Investment,No,Website,5,3,918037.6799999999,306012.56,362023.29,1012.96,3,335,1.0,0.0,1,2,First-Time Buyers
C1676,Individual,F,USA,Washington,26,Home,No,Website,2,4,1251637.0,312909.25,474039.53,1019.1225,4,608,1.0,0.0,1,0,First-Time Buyers
C1677,Individual,M,USA,Texas,61,Home,Yes,Website,1,3,942915.1799999999,314305.06,380233.97,975.9433333333333,3,547,1.0,0.0,1,2,First-Time Buyers
C1678,Individual,M,USA,California,64,Home,Yes,Agency,1,3,1377654.29,459218.0966666667,501738.52,1650.4733333333334,3,365,0.6666666666666666,0.3333333333333333,2,1,Luxury Investors
C1679,Individual,F,USA,Nevada,39,Investment,No,Website,4,3,1194618.9,398206.3,587797.99,1268.0466666666669,3,61,0.6666666666666666,0.3333333333333333,0,1,Global Investors
C1680,Individual,F,USA,California,26,Investment,No,Agency,4,3,665078.77,221692.92333333334,278456.63,692.13,3,243,1.0,0.0,1,2,First-Time Buyers
C1681,Individual,M,USA,Oregon,64,Home,Yes,Client,3,4,1408304.94,352076.235,484626.56,1156.7625,4,487,0.75,0.25,0,1,Global Investors
C1682,Individual,F,USA,Nevada,38,Home,No,Website,2,4,1469905.41,367476.3525,492569.41,1257.0925,4,610,1.0,0.0,2,0,Luxury Investors
C1683,Individual,F,USA,Oregon,26,Investment,No,Client,1,4,1410114.6,352528.65,533570.63,1144.74,4,214,0.5,0.5,0,0,Global Investors
C1684,Individual,F,USA,Colorado,48,Investment,No,Website,4,4,1109440.17,277360.0425,357429.62,883.4825000000001,4,579,1.0,0.0,1,2,First-Time Buyers
C1685,Individual,F,USA,California,48,Home,No,Agency,5,3,1109623.75,369874.5833333333,496154.56,1274.52,3,304,1.0,0.0,1,2,First-Time Buyers
C1686,Individual,M,USA,California,48,Investment,Yes,Agency,2,4,1214377.82,303594.455,407908.02,1073.905,4,487,0.75,0.25,0,1,Global Investors
C1687,Individual,M,USA,California,58,Home,Yes,Website,4,4,1026117.62,256529.405,420273.62,935.37,4,488,0.75,0.25,0,1,Global Investors
C1688,Individual,F,USA,Oregon,29,Home,No,Client,5,3,1314384.27,438128.09,578952.08,1281.9566666666667,3,304,1.0,0.0,2,2,Luxury Investors
C1689,Individual,F,USA,Oregon,40,Investment,Yes,Client,1,3,896100.8,298700.26666666666,441341.34,973.09,3,488,0.6666666666666666,0.3333333333333333,0,1,Global Investors
C1690,Individual,M,Denmark,North Denmark,74,Home,Yes,Agency,2,3,1662639.06,554213.02,598512.98,1754.9366666666667,3,516,1.0,0.0,2,0,Luxury Investors
C1691,Individual,M,USA,Arizona,79,Home,No,Website,5,4,1212731.6,303182.9,450265.88,984.9525,4,547,1.0,0.0,1,0,First-Time Buyers
C1692,Individual,M,Canada,Ontario,34,Home,Yes,Agency,5,4,1165619.9100000001,291404.97750000004,504544.59,984.9525,4,184,1.0,0.0,1,2,First-Time Buyers
C1693,Individual,M,Belgium,Flanders,35,Home,No,Website,1,4,1557035.08,389258.77,464582.73,1342.1525000000001,4,669,0.5,0.5,0,1,Global Investors
C1694,Individual,F,USA,Virginia,68,Home,No,Agency,5,4,1457395.73,364348.9325,522366.74,1202.695,4,366,1.0,0.0,2,0,Luxury Investors
C1695,Individual,F,Belgium,Flanders,70,Home,No,Website,5,3,975866.19,325288.73,491123.63,1111.2966666666666,3,274,1.0,0.0,1,2,First-Time Buyers
C1696,Individual,F,USA,Florida,38,Home,No,Website,1,4,1316025.35,329006.3375,382303.57,1092.085,4,304,1.0,0.0,1,0,First-Time Buyers
C1697,Individual,F,Belgium,Brussels,45,Home,No,Client,2,4,802813.26,200703.315,234850.32,700.7825,4,640,1.0,0.0,1,0,First-Time Buyers
C1698,Individual,M,UK,Northern Ireland,75,Home,Yes,Website,4,3,764529.97,254843.32333333333,362728.99,901.6266666666667,3,305,1.0,0.0,1,2,First-Time Buyers
C1699,Individual,M,Australia,Western Australia,56,Home,Yes,Agency,3,4,1161971.24,290492.81,480048.34,946.6524999999999,4,578,0.75,0.25,0,1,Global Investors
C1700,Individual,M,USA,Nevada,82,Home,No,Website,3,4,1293648.37,323412.0925,564037.73,1050.5725,4,396,0.5,0.5,0,1,Global Investors
C1701,Individual,F,USA,Arizona,43,Home,No,Website,1,3,916043.72,305347.9066666667,417201.93,979.0866666666667,3,518,0.6666666666666666,0.3333333333333333,0,1,Global Investors
C1702,Individual,M,USA,Washington,35,Investment,Yes,Website,5,3,1259181.49,419727.16333333333,505472.65,1477.03,3,426,0.3333333333333333,0.6666666666666666,0,1,Global Investors
C1703,Individual,M,USA,Texas,26,Investment,No,Agency,4,3,868665.77,289555.25666666665,358849.76,980.8699999999999,3,61,1.0,0.0,1,2,First-Time Buyers
C1704,Individual,F,Denmark,Capital Region,62,Home,No,Agency,4,3,1131490.6400000001,377163.5466666667,441154.94,1251.25,3,366,0.6666666666666666,0.3333333333333333,0,1,Global Investors
C1705,Individual,M,USA,Virginia,46,Investment,Yes,Website,3,3,1031987.6799999999,343995.8933333333,482341.23,1049.3066666666666,3,273,1.0,0.0,1,2,First-Time Buyers
C1706,Individual,M,USA,California,49,Home,Yes,Website,3,4,1417221.48,354305.37,590931.68,1128.9675,4,274,1.0,0.0,1,0,First-Time Buyers
C1707,Individual,M,USA,Georgia,52,Home,Yes,Website,1,3,770609.62,256869.87333333332,272169.11,899.7566666666667,3,61,1.0,0.0,1,2,First-Time Buyers
C1708,Individual,F,Germany,Hesse,39,Home,Yes,Agency,1,3,854426.52,284808.84,399400.23,897.3100000000001,3,395,1.0,0.0,1,2,First-Time Buyers
C1709,Individual,F,USA,Arizona,79,Investment,No,Agency,3,3,1336416.1600000001,445472.0533333334,502269.25,1513.17,3,517,1.0,0.0,2,2,Luxury Investors
C1710,Individual,M,Canada,Alberta,68,Investment,Yes,Website,2,3,1027918.12,342639.37333333335,455861.82,1156.0800000000002,3,244,0.6666666666666666,0.3333333333333333,0,1,Global Investors
C1711,Individual,F,USA,California,44,Investment,Yes,Website,3,4,1015613.11,253903.2775,330207.8,836.9425,4,610,0.75,0.25,0,1,Global Investors
C1712,Individual,M,France,Occitanie,54,Home,No,Website,5,4,1280242.15,320060.5375,465704.47,1102.08,4,396,0.75,0.25,0,1,Global Investors
C1713,Individual,F,USA,Oregon,44,Home,No,Website,1,4,1401670.4500000002,350417.61250000005,537445.29,1186.5225,4,304,1.0,0.0,1,0,First-Time Buyers
C1714,Individual,M,USA,Colorado,77,Home,No,Website,3,4,1054289.58,263572.395,413091.69,823.6625,4,457,0.75,0.25,0,1,Global Investors
C1715,Individual,F,USA,Florida,62,Home,Yes,Agency,3,4,987214.1799999999,246803.54499999998,315841.36,900.39,4,609,0.75,0.25,0,1,Global Investors
C1716,Individual,F,USA,California,45,Home,No,Website,1,3,1027286.48,342428.82666666666,420929.08,1129.1766666666665,3,396,1.0,0.0,1,2,First-Time Buyers
C1717,Individual,F,USA,California,84,Home,Yes,Website,4,3,915606.0700000001,305202.0233333334,370077.4,980.8699999999999,3,122,1.0,0.0,1,2,First-Time Buyers
C1718,Individual,F,USA,California,30,Home,No,Website,1,4,1362121.47,340530.3675,577483.25,1150.74,4,304,1.0,0.0,1,0,First-Time Buyers
C1719,Company,M,USA,Florida,65,Home,No,Agency,2,3,1178759.88,392919.95999999996,557392.74,1263.8633333333335,3,365,0.6666666666666666,0.3333333333333333,0,3,Global Investors
C1720,Individual,F,USA,California,29,Home,Yes,Website,5,4,1396671.77,349167.9425,659880.36,1122.0925,4,578,1.0,0.0,1,0,First-Time Buyers
C1721,Individual,M,USA,Nevada,39,Home,No,Agency,2,4,1282729.71,320682.4275,379081.98,1034.0675,4,455,1.0,0.0,1,0,First-Time Buyers
C1722,Individual,F,USA,Nevada,43,Home,No,Website,3,4,1676365.72,419091.43,605522.07,1307.3,4,182,1.0,0.0,2,0,Luxury Investors
C1723,Individual,F,Canada,Quebec,27,Home,Yes,Agency,2,4,1084602.42,271150.605,399164.03,900.39,4,640,1.0,0.0,1,2,First-Time Buyers
C1724,Individual,M,USA,Virginia,69,Home,No,Website,4,4,1646338.3599999999,411584.58999999997,570262.07,1358.9675,4,487,1.0,0.0,2,0,Luxury Investors
C1725,Individual,F,USA,Nevada,66,Home,Yes,Website,3,4,1352500.23,338125.0575,460172.3,1167.3975,4,457,1.0,0.0,1,0,First-Time Buyers
C1726,Individual,F,UK,Northern Ireland,77,Home,No,Website,3,3,1141107.24,380369.08,669506.11,1193.7733333333333,3,335,0.6666666666666666,0.3333333333333333,0,1,Global Investors
C1727,Individual,F,USA,New York,80,Home,No,Website,3,4,1563834.42,390958.605,619055.13,1210.7375,4,548,1.0,0.0,2,0,Luxury Investors
C1728,Individual,F,USA,Oregon,81,Home,Yes,Client,3,4,1436312.58,359078.145,429908.37,1225.2649999999999,4,639,1.0,0.0,2,0,Luxury Investors
C1729,Individual,M,Canada,British Columbia,70,Home,Yes,Website,3,3,956356.54,318785.51333333337,404268.31,1090.7733333333333,3,304,1.0,0.0,1,2,First-Time Buyers
C1730,Individual,M,Mexico,Puebla,46,Investment,Yes,Agency,5,3,796432.48,265477.49333333335,385425.29,922.6899999999999,3,273,0.6666666666666666,0.3333333333333333,0,1,Global Investors
C1731,Individual,M,USA,California,54,Home,Yes,Website,4,4,1172220.1099999999,293055.02749999997,389967.22,966.56,4,487,0.75,0.25,0,1,Global Investors
C1732,Individual,F,Canada,Alberta,55,Investment,No,Agency,2,3,1551003.8399999999,517001.27999999997,597681.88,1654.4733333333334,3,425,1.0,0.0,2,2,Luxury Investors
C1733,Individual,F,USA,California,77,Home,Yes,Agency,3,4,1179975.09,294993.7725,432544.27,1009.9325,4,579,0.75,0.25,0,1,Global Investors
C1734,Individual,M,USA,California,50,Home,No,Website,5,3,1078504.94,359501.64666666667,462160.46,1254.5033333333333,3,639,1.0,0.0,1,2,First-Time Buyers
C1735,Individual,F,USA,Utah,56,Investment,No,Website,3,3,1139995.98,379998.66,492594.19,1258.3999999999999,3,518,1.0,0.0,1,2,First-Time Buyers
C1736,Individual,F,USA,California,36,Investment,Yes,Website,4,4,1482243.88,370560.97,606491.63,1122.0925,4,304,1.0,0.0,2,2,Luxury Investors
C1737,Individual,F,USA,California,33,Investment,No,Website,3,3,1060946.57,353648.8566666667,520101.47,1090.7733333333333,3,426,1.0,0.0,1,2,First-Time Buyers
C1738,Individual,F,USA,California,48,Home,No,Website,5,3,861195.69,287065.23,347283.41,1016.7633333333333,3,396,1.0,0.0,1,2,First-Time Buyers
C1739,Individual,M,Russia,Novosibirsk,40,Investment,Yes,Website,3,4,998344.48,249586.12,442624.97,872.2,4,334,1.0,0.0,1,2,First-Time Buyers
C1740,Individual,F,USA,California,74,Home,Yes,Website,5,4,1439013.3399999999,359753.33499999996,561035.94,1164.015,4,243,1.0,0.0,2,0,Luxury Investors
C1741,Individual,M,USA,Virginia,49,Home,No,Website,5,4,1310713.04,327678.26,454264.31,1140.38,4,213,0.75,0.25,0,1,Global Investors
C1742,Company,F,USA,California,37,Home,No,Agency,5,3,1177856.21,392618.73666666663,524488.63,1431.79,3,92,0.6666666666666666,0.3333333333333333,0,3,Global Investors
C1743,Individual,F,Belgium,Flanders,79,Home,No,Client,1,3,839069.28,279689.76,283283.47,881.7833333333333,3,184,1.0,0.0,1,2,First-Time Buyers
C1744,Individual,M,Russia,Krasnodar Krai,64,Investment,No,Website,1,4,1320002.42,330000.605,415154.19,1092.085,4,609,1.0,0.0,1,2,First-Time Buyers
C1745,Individual,F,USA,California,49,Home,No,Website,1,3,1261495.5,420498.5,563558.93,1487.6599999999999,3,579,1.0,0.0,2,2,Luxury Investors
C1746,Individual,F,Belgium,Flanders,66,Home,No,Website,3,3,793835.85,264611.95,389328.46,874.19,3,486,1.0,0.0,1,2,First-Time Buyers
C1747,Individual,M,USA,Colorado,60,Home,No,Client,5,3,1016661.44,338887.14666666667,468372.55,1059.1499999999999,3,609,0.6666666666666666,0.3333333333333333,0,1,Global Investors
C1748,Individual,M,USA,California,75,Home,Yes,Website,4,3,1112272.46,370757.48666666663,566107.2,1274.52,3,548,0.6666666666666666,0.3333333333333333,0,1,Global Investors
C1749,Individual,M,USA,California,69,Home,No,Website,3,3,832665.62,277555.20666666667,388898.15,862.1066666666666,3,700,1.0,0.0,1,2,First-Time Buyers
C1750,Company,M,USA,Colorado,34,Home,No,Website,3,4,1497163.73,374290.9325,509429.47,1150.2,4,395,1.0,0.0,2,3,Luxury Investors
C1751,Individual,F,USA,Ohio,70,Home,No,Website,5,4,873120.47,218280.1175,231620.61,700.7825,4,153,0.75,0.25,0,1,Global Investors
C1752,Individual,M,USA,California,45,Investment,Yes,Website,1,3,1119600.47,373200.1566666667,421157.07,1152.5966666666666,3,365,1.0,0.0,1,2,First-Time Buyers
C1753,Individual,M,USA,Georgia,80,Investment,Yes,Website,3,3,770077.48,256692.49333333332,425499.05,964.2666666666668,3,122,1.0,0.0,1,2,First-Time Buyers
C1754,Individual,M,USA,Virginia,30,Home,Yes,Website,2,3,1361555.24,453851.74666666664,506527.22,1471.8999999999999,3,31,1.0,0.0,2,2,Luxury Investors
C1755,Individual,M,USA,Nevada,27,Home,Yes,Website,1,3,672116.9199999999,224038.9733333333,285197.86,776.2433333333333,3,122,1.0,0.0,1,2,First-Time Buyers
C1756,Individual,M,USA,Utah,35,Home,No,Website,1,4,1481404.3900000001,370351.09750000003,529820.54,1146.0149999999999,4,669,0.75,0.25,0,1,Global Investors
C1757,Individual,M,Germany,Bavaria,40,Home,No,Client,3,3,1125366.62,375122.2066666667,477602.23,1182.08,3,517,1.0,0.0,1,2,First-Time Buyers
C1758,Individual,M,USA,Oregon,40,Investment,Yes,Agency,4,4,1006481.1799999999,251620.29499999998,321342.19,801.065,4,457,0.75,0.25,0,1,Global Investors
C1759,Individual,M,USA,California,51,Investment,No,Website,1,4,1031917.22,257979.305,386654.16,831.47,4,276,1.0,0.0,1,1,First-Time Buyers
C1760,Individual,F,Belgium,Brussels,50,Home,No,Website,2,4,1454358.32,363589.58,484534.28,1265.3825,4,274,0.5,0.5,0,1,Global Investors
C1761,Individual,M,USA,Washington,70,Home,No,Website,1,4,1181772.43,295443.1075,541585.04,972.335,4,486,1.0,0.0,1,0,First-Time Buyers
C1762,Individual,M,USA,Virginia,61,Home,No,Website,1,3,1023352.22,341117.4066666667,399439.17,1090.9466666666667,3,243,1.0,0.0,1,2,First-Time Buyers
C1763,Individual,F,USA,New York,71,Home,No,Website,3,4,1789381.67,447345.4175,654120.74,1374.585,4,579,0.5,0.5,0,1,Global Investors
C1764,Individual,F,USA,Nevada,79,Home,No,Agency,2,4,1668335.18,417083.795,575177.72,1338.8999999999999,4,397,0.5,0.5,0,1,Global Investors
C1765,Individual,F,USA,Colorado,28,Home,Yes,Client,1,4,1734167.51,433541.8775,550819.24,1577.2325,4,304,1.0,0.0,2,0,Luxury Investors
C1766,Individual,F,USA,California,32,Home,No,Website,4,4,1371247.08,342811.77,562229.33,1071.3925,4,456,1.0,0.0,1,0,First-Time Buyers
C1767,Individual,M,USA,Colorado,47,Home,No,Website,3,4,1455838.9100000001,363959.72750000004,564116.06,1123.3175,4,427,0.5,0.5,0,1,Global Investors
C1768,Individual,F,Russia,Saint Petersburg,82,Home,No,Website,4,4,985105.21,246276.3025,377838.86,834.6575,4,516,1.0,0.0,1,0,First-Time Buyers
C1769,Company,M,USA,Oregon,40,Home,Yes,Client,1,3,985909.0,328636.3333333333,484144.21,1101.55,3,609,0.6666666666666666,0.3333333333333333,0,3,Global Investors
C1770,Individual,F,USA,Washington,80,Home,Yes,Agency,1,3,1334771.42,444923.80666666664,616403.86,1469.18,3,214,1.0,0.0,2,2,Luxury Investors
C1771,Company,M,USA,Georgia,50,Home,Yes,Client,3,3,1280895.97,426965.3233333333,556838.33,1435.6633333333332,3,214,1.0,0.0,2,3,Luxury Investors
C1772,Company,F,Canada,Alberta,50,Investment,Yes,Agency,5,4,1105281.92,276320.48,401863.68,1015.8675,4,395,0.75,0.25,0,3,Global Investors
C1773,Individual,M,USA,Nevada,45,Investment,Yes,Agency,3,4,1284141.19,321035.2975,445068.24,984.6475,4,334,0.75,0.25,0,1,Global Investors
C1774,Individual,M,USA,Oregon,41,Home,No,Agency,4,4,1169335.49,292333.8725,399457.77,1008.6625,4,214,1.0,0.0,1,0,First-Time Buyers
C1775,Individual,F,USA,California,55,Home,No,Agency,3,4,1414776.99,353694.2475,496847.34,1102.9724999999999,4,426,1.0,0.0,1,0,First-Time Buyers
C1776,Individual,F,France,Occitanie,52,Home,No,Website,1,3,1071718.4,357239.4666666666,439467.59,1196.1733333333334,3,152,1.0,0.0,1,2,First-Time Buyers
C1777,Individual,M,USA,California,51,Investment,No,Client,5,3,784629.95,261543.31666666665,341503.87,900.46,3,365,1.0,0.0,1,2,First-Time Buyers
C1778,Individual,M,USA,Georgia,31,Investment,Yes,Website,4,3,1216664.8199999998,405554.93999999994,514358.91,1339.73,3,242,1.0,0.0,2,2,Luxury Investors
C1779,Individual,F,USA,California,46,Home,No,Client,5,4,1563236.5499999998,390809.13749999995,595227.23,1287.1,4,517,1.0,0.0,2,0,Luxury Investors
C1780,Individual,M,USA,Utah,69,Investment,No,Website,1,4,1735557.1500000001,433889.28750000003,543401.76,1341.715,4,670,0.5,0.5,0,1,Global Investors
C1781,Individual,F,USA,California,57,Home,No,Website,4,4,1383316.42,345829.105,524713.99,1164.0149999999999,4,518,1.0,0.0,1,0,First-Time Buyers
C1782,Individual,F,UK,England,26,Investment,No,Website,1,4,897646.55,224411.6375,281637.63,783.64,4,394,1.0,0.0,1,1,First-Time Buyers
C1783,Individual,M,USA,California,71,Home,No,Website,3,4,1136482.92,284120.73,387708.89,883.805,4,396,0.75,0.25,0,1,Global Investors
C1784,Individual,M,Australia,Western Australia,27,Home,No,Client,3,4,1352274.53,338068.6325,441900.44,1106.8725,4,244,1.0,0.0,1,0,First-Time Buyers
C1785,Individual,F,USA,Colorado,69,Home,Yes,Website,1,3,1006568.23,335522.74333333335,370207.67,1156.5633333333333,3,426,0.6666666666666666,0.3333333333333333,0,1,Global Investors
C1786,Individual,M,USA,California,30,Home,No,Website,1,4,1247095.22,311773.805,581591.93,1102.2725,4,456,0.75,0.25,0,1,Global Investors
C1787,Individual,M,USA,Georgia,70,Investment,No,Agency,5,4,1289585.42,322396.355,528523.4,1029.38,4,214,0.25,0.75,0,1,Global Investors
C1788,Individual,M,USA,California,36,Home,No,Website,3,3,1116876.81,372292.27,495478.74,1155.6966666666667,3,578,1.0,0.0,1,2,First-Time Buyers
C1789,Individual,M,USA,Colorado,43,Home,Yes,Agency,5,3,1359605.1,453201.7,470652.98,1526.9566666666667,3,639,0.6666666666666666,0.3333333333333333,2,1,Luxury Investors
C1790,Individual,M,USA,Nevada,85,Investment,No,Client,5,4,1335521.08,333880.27,402189.34,1159.9675,4,245,1.0,0.0,1,2,First-Time Buyers
C1791,Individual,M,USA,California,59,Home,No,Agency,5,3,894512.8,298170.93333333335,358882.77,1050.08,3,151,1.0,0.0,1,2,First-Time Buyers
C1792,Individual,M,USA,California,30,Home,No,Agency,3,4,1948563.24,487140.81,566173.43,1676.3825,4,394,0.75,0.25,2,0,Luxury Investors
C1793,Individual,M,USA,Utah,56,Investment,No,Website,1,4,1317525.03,329381.2575,538098.62,1102.08,4,152,1.0,0.0,1,2,First-Time Buyers
C1794,Individual,M,USA,Colorado,30,Home,No,Website,3,4,1378476.06,344619.015,460529.82,1137.5875,4,395,1.0,0.0,1,0,First-Time Buyers
C1795,Individual,M,USA,California,80,Home,Yes,Website,5,4,1058019.94,264504.985,334197.72,827.2,4,518,0.25,0.75,0,1,Global Investors
C1796,Individual,F,USA,California,75,Investment,Yes,Client,5,3,1158919.94,386306.64666666667,425005.86,1286.4833333333333,3,488,1.0,0.0,2,2,Luxury Investors
C1797,Individual,F,USA,Oregon,68,Home,Yes,Website,3,3,910545.9199999999,303515.30666666664,337603.6,1033.6200000000001,3,609,1.0,0.0,1,2,First-Time Buyers
C1798,Individual,M,USA,Arizona,59,Investment,Yes,Website,1,4,1601121.79,400280.4475,575322.53,1263.96,4,608,0.5,0.5,0,1,Global Investors
C1799,Individual,F,USA,Colorado,75,Home,No,Agency,5,4,1022792.49,255698.1225,365006.8,823.6625,4,365,1.0,0.0,1,0,First-Time Buyers
C1800,Individual,M,USA,Oregon,81,Home,No,Client,1,3,1120963.1,373654.3666666667,539648.88,1301.6499999999999,3,0,0.6666666666666666,0.3333333333333333,0,1,Global Investors
C1801,Individual,M,USA,California,61,Home,Yes,Website,5,3,1473065.73,491021.91,734629.38,1422.97,3,396,0.6666666666666666,0.3333333333333333,2,1,Luxury Investors
C1802,Individual,M,USA,Nevada,77,Investment,No,Client,1,4,1155979.49,288994.8725,386196.25,1011.5875,4,456,1.0,0.0,1,2,First-Time Buyers
C1803,Individual,F,Canada,Quebec,38,Investment,No,Agency,5,3,1329728.19,443242.73,588353.61,1443.9800000000002,3,548,0.6666666666666666,0.3333333333333333,2,1,Luxury Investors
C1804,Individual,M,USA,California,36,Home,No,Website,1,4,1735376.55,433844.1375,563448.9,1504.0974999999999,4,426,1.0,0.0,2,0,Luxury Investors
C1805,Individual,M,UK,Northern Ireland,72,Investment,No,Website,3,4,1871670.17,467917.5425,553251.13,1699.3675,4,549,0.75,0.25,2,0,Luxury Investors
C1806,Individual,F,Australia,New South Wales,58,Investment,No,Agency,2,3,974821.86,324940.62,463318.62,1049.3066666666666,3,61,1.0,0.0,1,2,First-Time Buyers
C1807,Individual,F,France,Brittany,68,Home,No,Website,5,3,1520931.78,506977.26,720719.85,1469.18,3,518,0.6666666666666666,0.3333333333333333,2,1,Luxury Investors
C1808,Individual,F,USA,Washington,35,Investment,No,Client,2,4,1102931.4500000002,275732.86250000005,411172.03,989.46,4,547,1.0,0.0,1,2,First-Time Buyers
C1809,Individual,F,USA,New York,44,Home,Yes,Agency,4,4,1221253.05,305313.2625,435031.56,1104.2925,4,244,1.0,0.0,1,2,First-Time Buyers
C1810,Individual,F,USA,Texas,80,Home,No,Agency,3,3,991862.87,330620.95666666667,445150.57,1138.4233333333334,3,274,1.0,0.0,1,2,First-Time Buyers
C1811,Individual,F,USA,California,67,Home,Yes,Agency,3,4,1189519.9,297379.975,503113.61,1029.73,4,608,1.0,0.0,1,0,First-Time Buyers
C1812,Individual,M,France,Provence,48,Home,Yes,Website,5,4,1080880.0,270220.0,406648.6,955.7624999999999,4,396,0.75,0.25,0,1,Global Investors
C1813,Individual,M,Germany,Hamburg,78,Investment,Yes,Website,3,4,1552316.39,388079.0975,520934.42,1294.645,4,456,0.5,0.5,0,1,Global Investors
C1814,Individual,M,Denmark,North Denmark,38,Home,No,Website,2,4,1303261.99,325815.4975,392801.93,1153.0825,4,578,1.0,0.0,1,0,First-Time Buyers
C1815,Individual,M,USA,California,76,Home,No,Agency,5,4,1182628.3,295657.075,549102.55,942.035,4,487,0.75,0.25,0,1,Global Investors
C1816,Individual,M,Canada,Quebec,63,Home,No,Website,2,4,1078876.87,269719.2175,390892.15,909.9825,4,549,1.0,0.0,1,0,First-Time Buyers
C1817,Individual,F,USA,Virginia,81,Home,No,Agency,1,3,1240667.65,413555.8833333333,559209.89,1412.0199999999998,3,395,1.0,0.0,2,2,Luxury Investors
C1818,Individual,F,USA,Washington,31,Investment,Yes,Website,5,3,814797.06,271599.02,309389.23,851.4266666666667,3,335,1.0,0.0,1,2,First-Time Buyers
C1819,Individual,M,Russia,Krasnodar Krai,62,Home,No,Website,1,3,1067644.33,355881.44333333336,405297.57,1339.7466666666667,3,182,1.0,0.0,1,2,First-Time Buyers
C1820,Individual,M,France,Provence,46,Home,No,Website,3,4,970434.94,242608.735,338313.48,840.8725,4,304,1.0,0.0,1,0,First-Time Buyers
C1821,Individual,M,USA,Nevada,81,Home,No,Website,5,4,1733692.6199999999,433423.15499999997,662403.71,1244.8049999999998,4,334,0.5,0.5,0,1,Global Investors
C1822,Individual,M,USA,Oregon,29,Investment,Yes,Website,5,4,1388147.75,347036.9375,488803.45,1184.81,4,275,1.0,0.0,1,2,First-Time Buyers
C1823,Individual,M,USA,Oregon,58,Home,Yes,Website,4,3,993925.86,331308.62,454589.3,994.8266666666667,3,427,0.6666666666666666,0.3333333333333333,0,1,Global Investors
C1824,Individual,M,USA,California,63,Home,No,Website,3,4,945036.97,236259.2425,301253.43,857.7574999999999,4,608,0.75,0.25,0,1,Global Investors
C1825,Individual,M,Mexico,Nuevo Leon,69,Home,No,Agency,2,4,948769.9299999999,237192.48249999998,359484.97,802.7125,4,304,1.0,0.0,1,0,First-Time Buyers
C1826,Individual,M,USA,Ohio,74,Home,No,Client,4,4,1300035.21,325008.8025,402845.37,1159.5325,4,426,0.75,0.25,0,1,Global Investors
C1827,Individual,M,USA,New York,52,Home,Yes,Website,5,4,1221529.77,305382.4425,483612.33,988.7175,4,243,0.75,0.25,0,0,Global Investors
C1828,Individual,M,USA,California,34,Investment,Yes,Website,2,4,1199213.25,299803.3125,500475.25,1114.2125,4,61,0.75,0.25,0,2,Global Investors
C1829,Individual,F,USA,California,28,Home,Yes,Agency,5,3,1194095.83,398031.94333333336,544862.08,1394.21,3,548,0.6666666666666666,0.3333333333333333,0,1,Global Investors
C1830,Individual,F,USA,Arizona,66,Home,No,Website,3,3,1363309.64,454436.54666666663,518130.19,1487.6599999999999,3,548,0.6666666666666666,0.3333333333333333,2,1,Luxury Investors
C1831,Individual,F,Russia,Tatarstan,75,Home,No,Website,3,4,1004720.27,251180.0675,416215.94,972.335,4,608,1.0,0.0,1,0,First-Time Buyers
C1832,Individual,M,USA,Oregon,38,Investment,Yes,Website,1,4,1282390.94,320597.735,582747.93,1103.3225,4,547,1.0,0.0,1,2,First-Time Buyers
C1833,Individual,F,USA,Arizona,77,Investment,Yes,Website,1,3,1132086.83,377362.2766666667,454723.5,1357.1933333333334,3,456,1.0,0.0,2,2,Luxury Investors
C1834,Individual,M,Belgium,Flanders,62,Investment,No,Agency,5,4,1222274.5999999999,305568.64999999997,484614.3,948.835,4,700,0.75,0.25,0,2,Global Investors
C1835,Individual,F,Canada,Alberta,66,Investment,Yes,Agency,4,3,739211.6,246403.86666666667,362373.17,849.7466666666668,3,276,1.0,0.0,1,2,First-Time Buyers
C1836,Individual,F,USA,California,65,Investment,Yes,Website,1,4,1213775.31,303443.8275,433286.92,958.755,4,639,0.75,0.25,0,1,Global Investors
C1837,Individual,F,USA,California,75,Home,Yes,Client,2,4,1507583.69,376895.9225,523732.73,1333.2775,4,334,1.0,0.0,2,0,Luxury Investors
C1838,Individual,F,Canada,Alberta,60,Investment,No,Agency,1,4,1266344.58,316586.145,394185.4,1030.83,4,579,0.75,0.25,0,1,Global Investors
C1839,Individual,M,USA,California,82,Investment,No,Agency,2,4,967894.54,241973.635,328156.51,821.355,4,670,1.0,0.0,1,2,First-Time Buyers
C1840,Individual,M,UK,England,39,Investment,No,Website,3,3,911506.03,303835.3433333333,490529.51,1064.7333333333333,3,306,0.6666666666666666,0.3333333333333333,0,1,Global Investors
C1841,Individual,M,USA,New York,78,Home,No,Website,4,4,1612088.13,403022.0325,556524.23,1374.585,4,670,1.0,0.0,2,0,Luxury Investors
C1842,Company,M,Canada,Alberta,47,Home,Yes,Agency,3,3,1252827.37,417609.12333333335,592554.14,1407.5133333333333,3,213,1.0,0.0,2,3,Luxury Investors
C1843,Individual,M,Germany,Hesse,73,Home,No,Website,4,4,1487849.65,371962.4125,564487.75,1218.84,4,366,0.75,0.25,0,1,Global Investors
C1844,Individual,F,USA,Ohio,47,Home,No,Agency,1,4,1033138.51,258284.6275,364629.72,837.88,4,670,0.75,0.25,0,1,Global Investors
C1845,Individual,M,USA,California,76,Investment,Yes,Website,1,3,889124.6799999999,296374.8933333333,561305.34,972.0533333333333,3,426,1.0,0.0,1,2,First-Time Buyers
C1846,Individual,F,Russia,Novosibirsk,40,Home,Yes,Agency,5,3,886017.55,295339.18333333335,359371.65,980.8699999999999,3,243,1.0,0.0,1,2,First-Time Buyers
C1847,Individual,M,USA,Utah,73,Home,No,Website,4,4,1080850.85,270212.7125,539787.73,859.7125,4,455,1.0,0.0,1,0,First-Time Buyers
C1848,Individual,F,USA,California,32,Home,No,Website,2,4,1595352.82,398838.205,598972.24,1295.0974999999999,4,183,0.75,0.25,2,0,Luxury Investors
C1849,Individual,M,Canada,Alberta,49,Investment,Yes,Website,3,3,1019239.08,339746.36,386163.72,1016.7633333333333,3,306,0.6666666666666666,0.3333333333333333,0,1,Global Investors
C1850,Individual,M,USA,New York,54,Investment,Yes,Agency,5,4,1380990.75,345247.6875,514705.32,1176.685,4,426,1.0,0.0,1,2,First-Time Buyers
C1851,Individual,F,UK,England,71,Home,Yes,Agency,3,4,1552543.97,388135.9925,568142.17,1153.5575,4,304,0.25,0.75,0,1,Global Investors
C1852,Individual,F,USA,Virginia,28,Home,No,Website,4,3,1674072.07,558024.0233333333,662938.18,1733.68,3,182,0.6666666666666666,0.3333333333333333,2,1,Luxury Investors
C1853,Individual,F,USA,Virginia,76,Investment,No,Website,4,4,1207329.15,301832.2875,474524.95,1012.5575,4,578,1.0,0.0,1,2,First-Time Buyers
C1854,Company,M,France,Ile-de-France,65,Investment,No,Client,1,4,1387997.02,346999.255,585205.19,1104.2925,4,365,1.0,0.0,1,3,First-Time Buyers
C1855,Individual,F,USA,California,41,Home,Yes,Website,2,4,1117305.8599999999,279326.46499999997,409255.12,874.6275,4,487,1.0,0.0,1,2,First-Time Buyers
C1856,Company,M,USA,Virginia,31,Home,No,Website,2,3,1216231.4300000002,405410.47666666674,586091.18,1334.1000000000001,3,274,1.0,0.0,2,3,Luxury Investors
C1857,Individual,M,USA,California,38,Investment,Yes,Website,2,3,919814.94,306604.98,372884.46,932.37,3,395,0.6666666666666666,0.3333333333333333,0,1,Global Investors
C1858,Individual,F,USA,Colorado,67,Home,No,Website,5,3,1161958.29,387319.43,516468.06,1267.5866666666668,3,92,1.0,0.0,2,2,Luxury Investors
C1859,Individual,M,USA,California,82,Home,Yes,Client,5,4,1087561.59,271890.3975,380297.96,862.28,4,487,0.5,0.5,0,1,Global Investors
C1860,Company,F,USA,California,55,Home,Yes,Agency,4,4,1661197.49,415299.3725,496217.67,1338.8999999999999,4,182,1.0,0.0,2,3,Luxury Investors
C1861,Individual,M,USA,California,43,Investment,Yes,Website,3,4,1475178.95,368794.7375,508804.43,1239.9025000000001,4,304,1.0,0.0,2,2,Luxury Investors
C1862,Individual,M,USA,California,72,Home,Yes,Website,1,3,988771.17,329590.39,462577.28,1076.69,3,517,1.0,0.0,1,2,First-Time Buyers
C1863,Individual,F,UK,Scotland,77,Home,No,Website,3,4,1281313.02,320328.255,462169.28,1039.19,4,123,1.0,0.0,1,0,First-Time Buyers
C1864,Individual,F,USA,New York,53,Home,Yes,Website,5,4,1131730.6,282932.65,494313.18,1027.325,4,486,0.75,0.25,0,1,Global Investors
C1865,Individual,M,USA,Arizona,51,Investment,No,Website,4,3,1092253.24,364084.41333333333,423654.2,1196.1733333333334,3,548,0.6666666666666666,0.3333333333333333,0,1,Global Investors
C1866,Individual,F,USA,Nevada,54,Home,No,Agency,2,4,1620195.43,405048.8575,490055.89,1380.26,4,427,1.0,0.0,2,0,Luxury Investors
C1867,Individual,M,USA,California,73,Home,Yes,Website,2,3,761781.8,253927.2666666667,423673.58,791.0400000000001,3,516,0.6666666666666666,0.3333333333333333,0,1,Global Investors
C1868,Individual,F,UK,Wales,50,Home,No,Website,1,4,1469394.43,367348.6075,537563.89,1198.3725,4,547,0.75,0.25,0,1,Global Investors
C1869,Individual,F,Mexico,Nuevo Leon,50,Home,No,Client,5,4,1335399.36,333849.84,457748.53,1132.7375,4,517,0.75,0.25,0,1,Global Investors
C1870,Individual,M,USA,Washington,45,Investment,No,Agency,1,3,680865.94,226955.31333333332,295517.69,842.68,3,457,0.6666666666666666,0.3333333333333333,0,1,Global Investors
C1871,Individual,F,USA,Texas,64,Home,Yes,Website,1,4,1096466.77,274116.6925,361953.92,1000.415,4,669,0.75,0.25,0,1,Global Investors
C1872,Individual,M,Mexico,Mexico City,85,Home,No,Client,5,3,1284121.27,428040.42333333334,542533.89,1452.2633333333333,3,366,1.0,0.0,2,2,Luxury Investors
C1873,Individual,F,Canada,British Columbia,66,Home,No,Agency,5,4,841611.53,210402.8825,357647.97,727.265,4,245,0.75,0.25,0,1,Global Investors
C1874,Individual,M,USA,Colorado,53,Investment,No,Agency,1,3,1058361.99,352787.33,463077.47,1125.17,3,243,1.0,0.0,1,2,First-Time Buyers
C1875,Individual,F,USA,Nevada,82,Home,No,Client,2,3,1220153.8599999999,406717.9533333333,492821.75,1339.73,3,153,0.6666666666666666,0.3333333333333333,0,1,Global Investors
C1876,Company,M,USA,Ohio,44,Investment,Yes,Website,4,3,1543986.34,514662.11333333334,676167.22,1523.6933333333334,3,488,1.0,0.0,2,3,Luxury Investors
C1877,Individual,M,USA,Arizona,64,Home,No,Agency,5,3,905899.79,301966.5966666667,470763.27,1008.13,3,610,0.6666666666666666,0.3333333333333333,0,1,Global Investors
C1878,Individual,M,USA,Washington,58,Home,No,Agency,5,3,958603.36,319534.4533333333,508552.39,1097.4366666666667,3,397,1.0,0.0,1,2,First-Time Buyers
C1879,Individual,F,USA,New York,48,Home,No,Website,3,3,1536294.68,512098.2266666666,584091.39,1504.28,3,488,0.6666666666666666,0.3333333333333333,2,1,Luxury Investors
C1880,Individual,F,USA,California,27,Home,Yes,Client,5,4,1319939.53,329984.8825,543500.27,1053.27,4,425,1.0,0.0,1,2,First-Time Buyers
C1881,Individual,F,USA,Oregon,36,Home,Yes,Website,2,3,972731.0900000001,324243.6966666667,392351.64,1127.1499999999999,3,245,0.6666666666666666,0.3333333333333333,0,1,Global Investors
C1882,Individual,F,USA,Virginia,65,Investment,No,Website,3,3,884144.1,294714.7,437974.4,934.4333333333334,3,122,1.0,0.0,1,2,First-Time Buyers
C1883,Individual,M,USA,California,84,Home,No,Agency,1,4,1877399.3199999998,469349.82999999996,597724.45,1489.11,4,213,1.0,0.0,2,0,Luxury Investors
C1884,Individual,M,USA,Nevada,71,Home,Yes,Website,5,3,930994.2100000001,310331.4033333334,528465.5,997.4133333333333,3,213,1.0,0.0,1,2,First-Time Buyers
C1885,Individual,M,Germany,Hamburg,58,Home,Yes,Agency,1,4,1740983.97,435245.9925,519657.03,1564.0774999999999,4,245,1.0,0.0,2,0,Luxury Investors
C1886,Individual,F,USA,California,26,Home,No,Website,5,3,774293.9299999999,258097.97666666665,317660.44,842.68,3,396,1.0,0.0,1,2,First-Time Buyers
C1887,Individual,F,USA,Oregon,39,Investment,No,Agency,1,3,822999.76,274333.25333333336,414588.69,941.2099999999999,3,396,1.0,0.0,1,2,First-Time Buyers
C1888,Individual,M,USA,California,63,Home,No,Website,3,4,981962.01,245490.5025,317102.87,820.9224999999999,4,425,1.0,0.0,1,0,First-Time Buyers
C1889,Individual,M,USA,California,38,Home,Yes,Website,4,3,1193609.3,397869.76666666666,425609.69,1205.9633333333334,3,245,0.6666666666666666,0.3333333333333333,0,1,Global Investors
C1890,Individual,M,Canada,Ontario,71,Home,No,Client,4,4,1209659.27,302414.8175,483647.09,1042.1725000000001,4,214,0.75,0.25,0,1,Global Investors
C1891,Individual,M,USA,Oregon,53,Home,No,Agency,2,4,1466482.7999999998,366620.69999999995,460945.04,1244.8049999999998,4,609,0.75,0.25,0,1,Global Investors
C1892,Individual,F,USA,Nevada,74,Investment,Yes,Agency,5,3,978638.94,326212.98,448573.99,1033.4833333333333,3,578,1.0,0.0,1,2,First-Time Buyers
C1893,Individual,F,USA,Washington,63,Home,Yes,Website,1,4,1458732.84,364683.21,554107.09,1146.0149999999999,4,183,0.75,0.25,0,0,Global Investors
C1894,Individual,F,USA,Texas,81,Investment,No,Website,4,4,1284918.37,321229.5925,396878.27,1027.81,4,488,0.75,0.25,0,2,Global Investors
C1895,Company,M,USA,Nevada,56,Investment,No,Agency,4,3,1170571.86,390190.62000000005,564033.78,1308.5133333333333,3,518,0.6666666666666666,0.3333333333333333,0,3,Global Investors
C1896,Individual,M,USA,Virginia,70,Investment,No,Agency,3,3,1158311.0,386103.6666666667,572824.93,1139.1533333333334,3,396,1.0,0.0,1,2,First-Time Buyers
C1897,Individual,F,Canada,Ontario,75,Home,No,Website,2,4,1108918.3399999999,277229.58499999996,444913.24,941.61,4,456,1.0,0.0,1,0,First-Time Buyers
C1898,Individual,M,USA,New York,46,Home,Yes,Website,1,4,1159717.54,289929.385,403626.01,951.8199999999999,4,487,0.75,0.25,0,1,Global Investors
C1899,Individual,M,UK,England,29,Home,No,Website,3,3,1001627.28,333875.76,453922.16,1221.3833333333334,3,335,1.0,0.0,1,2,First-Time Buyers
C1900,Individual,F,UK,England,27,Investment,No,Client,4,4,1185889.79,296472.4475,459585.99,1210.7375000000002,4,274,0.75,0.25,0,0,Global Investors
C1901,Individual,M,Canada,British Columbia,43,Home,No,Agency,4,4,1357680.7,339420.175,478845.33,1151.37,4,426,0.75,0.25,0,1,Global Investors
C1902,Company,M,USA,Colorado,45,Investment,No,Agency,2,4,1127600.93,281900.2325,323302.12,885.395,4,486,0.75,0.25,0,3,Global Investors
C1903,Individual,F,USA,Nevada,34,Home,No,Website,2,4,1453139.0699999998,363284.76749999996,452279.2,1192.72,4,457,1.0,0.0,2,0,Luxury Investors
C1904,Individual,M,USA,Texas,76,Home,Yes,Website,2,4,1337265.67,334316.4175,406088.62,1073.7375,4,518,1.0,0.0,1,0,First-Time Buyers
C1905,Individual,M,USA,Virginia,64,Home,No,Website,1,3,1180529.35,393509.7833333334,503790.55,1354.2933333333333,3,304,0.6666666666666666,0.3333333333333333,0,1,Global Investors
C1906,Individual,F,USA,California,70,Home,No,Agency,2,4,1487182.67,371795.6675,405665.29,1158.6325,4,578,0.5,0.5,0,1,Global Investors
C1907,Individual,M,USA,Colorado,75,Home,No,Website,3,4,1751481.1500000001,437870.28750000003,545190.41,1349.2,4,487,0.25,0.75,0,1,Global Investors
C1908,Individual,F,USA,California,49,Home,No,Website,2,4,1543714.5,385928.625,465488.76,1324.385,4,397,0.75,0.25,2,0,Luxury Investors
C1909,Individual,F,USA,California,40,Investment,No,Agency,2,3,1238663.76,412887.92,579919.91,1313.16,3,306,0.6666666666666666,0.3333333333333333,0,1,Global Investors
C1910,Company,M,USA,California,40,Home,Yes,Agency,2,4,816793.9099999999,204198.47749999998,270241.73,735.11,4,304,1.0,0.0,1,3,First-Time Buyers
C1911,Individual,M,USA,California,36,Home,No,Agency,5,3,1195691.95,398563.98333333334,540051.95,1268.0466666666669,3,306,1.0,0.0,2,2,Luxury Investors
C1912,Individual,F,USA,Utah,71,Investment,No,Website,1,3,863871.21,287957.07,354725.86,952.0733333333334,3,365,0.3333333333333333,0.6666666666666666,0,1,Global Investors
C1913,Individual,M,France,Provence,45,Home,No,Website,5,4,1210353.53,302588.3825,410180.27,972.245,4,457,1.0,0.0,1,0,First-Time Buyers
C1914,Individual,F,UK,Scotland,32,Home,Yes,Website,4,3,1553786.78,517928.9266666667,608153.01,1584.7333333333333,3,153,0.6666666666666666,0.3333333333333333,2,1,Luxury Investors
C1915,Individual,F,USA,Arizona,61,Investment,No,Client,4,3,1015184.58,338394.86,498329.2,1076.6899999999998,3,214,0.6666666666666666,0.3333333333333333,0,1,Global Investors
C1916,Individual,M,USA,California,77,Investment,No,Website,2,3,1257058.52,419019.50666666665,485832.54,1303.7766666666666,3,456,1.0,0.0,2,2,Luxury Investors
C1917,Individual,F,Australia,New South Wales,54,Home,No,Client,2,4,1007433.23,251858.3075,371637.67,820.9224999999999,4,335,1.0,0.0,1,0,First-Time Buyers
C1918,Individual,F,USA,California,85,Home,No,Client,1,4,1019401.51,254850.3775,345383.67,765.6675,4,304,0.5,0.5,0,1,Global Investors
C1919,Company,F,USA,Nevada,57,Investment,No,Website,1,4,1083015.76,270753.94,498317.73,929.2725,4,548,1.0,0.0,1,3,First-Time Buyers
C1920,Individual,M,Germany,North Rhine-Westphalia,56,Home,No,Agency,5,4,1523588.92,380897.23,577630.33,1278.045,4,518,1.0,0.0,2,0,Luxury Investors
C1921,Individual,F,France,Provence,69,Home,No,Website,5,3,980793.6799999999,326931.2266666666,366009.11,1089.46,3,304,0.3333333333333333,0.6666666666666666,0,1,Global Investors
C1922,Individual,F,USA,California,37,Home,No,Agency,1,3,1549836.17,516612.05666666664,654336.12,1592.1233333333332,3,304,1.0,0.0,2,2,Luxury Investors
C1923,Individual,F,Mexico,Jalisco,78,Investment,Yes,Client,1,4,1302917.16,325729.29,414731.61,1140.38,4,334,0.75,0.25,0,1,Global Investors
C1924,Individual,M,USA,California,67,Home,No,Client,3,4,1453954.37,363488.5925,486561.68,1253.3075,4,547,1.0,0.0,2,0,Luxury Investors
C1925,Individual,M,USA,Colorado,83,Home,No,Agency,2,4,1165252.94,291313.235,407382.75,1093.05,4,335,0.75,0.25,0,1,Global Investors
C1926,Individual,M,Mexico,Puebla,28,Home,Yes,Website,1,4,1238034.03,309508.5075,458341.23,1014.73,4,245,0.75,0.25,0,1,Global Investors
C1927,Individual,F,USA,California,73,Investment,Yes,Website,1,4,1325474.94,331368.735,496630.54,1280.6875,4,304,1.0,0.0,2,2,Luxury Investors
C1928,Individual,M,Australia,New South Wales,27,Home,Yes,Client,4,3,741930.22,247310.07333333333,278982.99,736.0433333333334,3,609,1.0,0.0,1,2,First-Time Buyers
C1929,Individual,F,Mexico,Jalisco,84,Home,Yes,Agency,1,4,1329874.96,332468.74,437806.03,1127.175,4,547,1.0,0.0,1,0,First-Time Buyers
C1930,Individual,F,USA,Colorado,59,Investment,No,Agency,3,4,1184992.23,296248.0575,507885.52,990.9875000000001,4,456,1.0,0.0,1,2,First-Time Buyers
C1931,Individual,F,USA,Utah,30,Home,Yes,Website,5,4,1323884.1099999999,330971.02749999997,526514.11,1047.99,4,426,1.0,0.0,1,2,First-Time Buyers
C1932,Individual,F,USA,California,63,Investment,No,Website,2,4,1713149.19,428287.2975,551780.87,1342.1525000000001,4,547,1.0,0.0,2,0,Luxury Investors
C1933,Company,F,Australia,Queensland,31,Home,No,Client,1,3,822428.05,274142.68333333335,413006.8,851.87,3,608,0.6666666666666666,0.3333333333333333,0,3,Global Investors
C1934,Individual,M,France,Ile-de-France,47,Investment,Yes,Client,4,4,1719384.46,429846.115,639415.77,1422.9925,4,305,0.75,0.25,2,0,Luxury Investors
C1935,Individual,F,USA,Arizona,42,Home,No,Website,5,3,1205890.37,401963.4566666667,460353.21,1357.1933333333334,3,608,0.6666666666666666,0.3333333333333333,0,1,Global Investors
C1936,Individual,M,Russia,Krasnodar Krai,41,Home,Yes,Agency,1,3,965899.1000000001,321966.3666666667,373735.42,992.2199999999999,3,396,1.0,0.0,1,2,First-Time Buyers
C1937,Individual,F,USA,Arizona,64,Home,Yes,Website,3,4,1707838.06,426959.515,553235.72,1419.32,4,488,0.75,0.25,2,0,Luxury Investors
C1938,Individual,M,Canada,Quebec,52,Home,Yes,Website,4,3,1154671.2,384890.39999999997,452275.63,1205.9633333333334,3,212,0.6666666666666666,0.3333333333333333,0,1,Global Investors
C1939,Individual,F,USA,Florida,46,Investment,Yes,Agency,1,3,674304.95,224768.31666666665,327053.12,839.1433333333334,3,274,1.0,0.0,1,2,First-Time Buyers
C1940,Individual,F,Canada,Manitoba,28,Home,No,Agency,4,4,1403901.1400000001,350975.28500000003,537290.74,1216.595,4,305,1.0,0.0,2,0,Luxury Investors
C1941,Individual,F,USA,Nevada,82,Home,No,Client,5,4,1368615.25,342153.8125,446979.46,1140.38,4,122,1.0,0.0,1,0,First-Time Buyers
C1942,Company,F,USA,Nevada,41,Home,Yes,Agency,2,3,1133984.52,377994.84,543673.09,1313.16,3,306,1.0,0.0,2,3,Luxury Investors
C1943,Individual,M,USA,Arizona,52,Home,No,Website,1,3,967521.23,322507.07666666666,400543.99,1042.71,3,457,1.0,0.0,1,2,First-Time Buyers
C1944,Individual,M,USA,California,39,Investment,No,Website,1,4,1971083.9300000002,492770.98250000004,607539.65,1602.67,4,640,1.0,0.0,2,0,Luxury Investors
C1945,Individual,M,Mexico,Mexico City,58,Investment,No,Website,3,4,1112541.88,278135.47,404942.23,939.4875,4,579,1.0,0.0,1,2,First-Time Buyers
C1946,Individual,M,USA,California,70,Home,No,Agency,1,3,1056227.37,352075.79000000004,450915.03,1111.25,3,669,0.6666666666666666,0.3333333333333333,0,1,Global Investors
C1947,Individual,M,USA,Nevada,46,Home,No,Website,3,3,1247905.56,415968.52,470318.22,1328.47,3,609,1.0,0.0,2,2,Luxury Investors
C1948,Individual,F,USA,Arizona,70,Home,No,Agency,2,3,1530233.0,510077.6666666667,591831.53,1527.8633333333335,3,516,1.0,0.0,2,2,Luxury Investors
C1949,Individual,F,USA,Colorado,70,Home,Yes,Agency,2,3,1020270.72,340090.24,489550.72,1274.52,3,549,1.0,0.0,1,2,First-Time Buyers
C1950,Individual,M,USA,Ohio,50,Home,No,Agency,4,4,1033306.43,258326.6075,377128.4,933.355,4,487,1.0,0.0,1,0,First-Time Buyers
C1951,Individual,M,USA,Utah,29,Home,Yes,Website,1,4,1128864.17,282216.0425,454474.49,972.335,4,548,0.75,0.25,0,1,Global Investors
C1952,Company,M,USA,Nevada,33,Home,No,Agency,3,3,1235262.65,411754.2166666666,575463.2,1451.5366666666669,3,547,0.6666666666666666,0.3333333333333333,2,3,Luxury Investors
C1953,Individual,M,Germany,Bavaria,53,Home,Yes,Website,1,4,1199064.43,299766.1075,494656.28,946.6525,4,425,0.5,0.5,0,1,Global Investors
C1954,Individual,F,Australia,Western Australia,59,Investment,No,Website,3,3,809731.0700000001,269910.3566666667,334529.95,899.9899999999999,3,516,1.0,0.0,1,2,First-Time Buyers
C1955,Individual,M,Canada,Quebec,27,Home,No,Website,1,4,1707150.06,426787.515,462288.76,1380.26,4,426,1.0,0.0,2,0,Luxury Investors
C1956,Individual,F,USA,Oregon,58,Home,No,Agency,2,4,1224023.79,306005.9475,608146.84,920.7075,4,547,0.5,0.5,0,1,Global Investors
C1957,Individual,M,USA,California,63,Home,Yes,Website,4,4,1318838.26,329709.565,430163.14,1150.2,4,214,0.75,0.25,0,0,Global Investors
C1958,Individual,F,USA,California,55,Home,No,Website,3,4,1567012.19,391753.0475,640625.73,1287.0549999999998,4,306,1.0,0.0,2,0,Luxury Investors
C1959,Individual,F,USA,Texas,83,Home,No,Website,1,3,626084.02,208694.67333333334,304533.78,753.3133333333334,3,153,1.0,0.0,1,2,First-Time Buyers
C1960,Individual,F,USA,Colorado,38,Home,Yes,Website,2,3,1196488.96,398829.6533333333,529520.87,1350.4933333333333,3,123,1.0,0.0,2,2,Luxury Investors
C1961,Individual,M,USA,California,31,Home,No,Agency,5,4,1289265.38,322316.345,501471.56,1138.4975,4,365,1.0,0.0,1,0,First-Time Buyers
C1962,Individual,F,Mexico,Puebla,30,Home,No,Agency,5,3,971475.24,323825.08,398527.61,1108.1033333333332,3,395,1.0,0.0,1,2,First-Time Buyers
C1963,Company,M,USA,Texas,57,Home,No,Website,5,3,983925.13,327975.04333333333,435919.77,1090.7733333333333,3,365,1.0,0.0,1,3,First-Time Buyers
C1964,Individual,M,USA,Virginia,53,Home,No,Agency,5,3,1149434.67,383144.88999999996,501520.52,1359.24,3,334,0.6666666666666666,0.3333333333333333,0,1,Global Investors
C1965,Individual,M,USA,California,28,Home,No,Agency,4,3,1489053.39,496351.12999999995,517834.79,1579.3133333333335,3,153,0.6666666666666666,0.3333333333333333,2,1,Luxury Investors
C1966,Individual,M,Canada,British Columbia,61,Home,No,Agency,1,4,1210176.2,302544.05,487865.86,1111.6475,4,396,0.5,0.5,0,1,Global Investors
C1967,Individual,M,USA,Oregon,68,Investment,No,Agency,4,3,747143.37,249047.79,340611.95,859.2633333333333,3,152,1.0,0.0,1,2,First-Time Buyers
C1968,Individual,F,USA,California,67,Investment,Yes,Client,3,3,987718.99,329239.66333333333,421709.56,1072.7266666666667,3,517,1.0,0.0,1,2,First-Time Buyers
C1969,Individual,M,USA,Colorado,32,Investment,Yes,Agency,2,4,1030940.4299999999,257735.10749999998,462830.35,854.58,4,639,0.75,0.25,0,1,Global Investors
C1970,Individual,M,USA,Arizona,47,Investment,Yes,Website,4,3,1346312.7000000002,448770.9000000001,576990.75,1361.7433333333333,3,273,0.6666666666666666,0.3333333333333333,2,1,Luxury Investors
C1971,Individual,F,USA,Virginia,49,Home,No,Website,5,3,673422.3200000001,224474.1066666667,274917.87,775.5666666666666,3,395,1.0,0.0,1,2,First-Time Buyers
C1972,Individual,F,USA,California,53,Home,Yes,Website,4,3,943260.84,314420.27999999997,478022.04,1077.3333333333333,3,609,0.6666666666666666,0.3333333333333333,0,1,Global Investors
C1973,Company,M,USA,Washington,32,Home,Yes,Agency,4,4,1450499.68,362624.92,413926.08,1214.7825,4,670,0.75,0.25,0,3,Global Investors
C1974,Individual,M,USA,Nevada,75,Home,Yes,Agency,5,4,968686.8500000001,242171.71250000002,431287.44,809.6575,4,518,0.75,0.25,0,1,Global Investors
C1975,Individual,F,Belgium,Wallonia,50,Home,No,Agency,4,3,985031.21,328343.73666666663,454364.35,1023.8800000000001,3,486,0.6666666666666666,0.3333333333333333,0,1,Global Investors
C1976,Individual,M,USA,Florida,30,Home,No,Client,5,4,1146120.65,286530.1625,503445.63,1030.29,4,304,1.0,0.0,1,0,First-Time Buyers
C1977,Individual,M,USA,Virginia,31,Home,No,Website,1,4,2001430.4300000002,500357.60750000004,608264.77,1577.2325,4,547,0.75,0.25,2,0,Luxury Investors
C1978,Company,F,USA,California,58,Investment,Yes,Website,5,3,1205900.67,401966.88999999996,433524.31,1290.0866666666668,3,426,0.6666666666666666,0.3333333333333333,0,3,Global Investors
C1979,Individual,M,USA,Colorado,83,Home,Yes,Agency,3,4,1287568.79,321892.1975,430285.43,1014.73,4,394,0.75,0.25,0,1,Global Investors
C1980,Individual,F,USA,Texas,69,Investment,No,Website,4,4,1579565.09,394891.2725,588343.01,1228.8325,4,518,1.0,0.0,2,2,Luxury Investors
C1981,Individual,F,Canada,Quebec,33,Home,No,Agency,5,4,1440160.68,360040.17,498028.07,1245.935,4,547,0.75,0.25,0,1,Global Investors
C1982,Individual,M,USA,California,78,Home,Yes,Website,4,3,1545398.56,515132.85333333333,553675.21,1669.3466666666666,3,305,0.6666666666666666,0.3333333333333333,2,1,Luxury Investors
C1983,Individual,M,UK,Northern Ireland,64,Home,No,Website,3,4,1317304.52,329326.13,411125.74,1070.475,4,457,0.75,0.25,0,1,Global Investors
C1984,Individual,M,USA,California,69,Home,No,Website,4,3,846287.21,282095.73666666663,315840.76,994.52,3,274,1.0,0.0,1,2,First-Time Buyers
C1985,Individual,M,UK,Scotland,62,Home,Yes,Agency,1,4,1149379.8599999999,287344.96499999997,344251.82,1014.73,4,579,0.5,0.5,0,1,Global Investors
C1986,Individual,M,USA,New York,48,Investment,No,Website,1,4,1442798.93,360699.7325,524650.21,1153.5575,4,518,1.0,0.0,2,2,Luxury Investors
C1987,Individual,M,Belgium,Wallonia,39,Investment,No,Website,5,4,1316082.96,329020.74,515152.93,1104.1725,4,609,0.75,0.25,0,0,Global Investors
C1988,Individual,M,USA,California,31,Home,Yes,Website,5,4,1301018.95,325254.7375,409994.99,972.245,4,395,1.0,0.0,1,2,First-Time Buyers
C1989,Individual,M,USA,Texas,66,Home,No,Agency,3,4,1380788.8599999999,345197.21499999997,505173.86,1135.325,4,426,0.75,0.25,0,1,Global Investors
C1990,Individual,M,USA,Texas,49,Investment,No,Agency,5,3,1253745.81,417915.27,566711.76,1303.4733333333334,3,212,1.0,0.0,2,2,Luxury Investors
C1991,Individual,F,USA,California,75,Home,No,Website,3,4,1134341.88,283585.47,405445.85,900.39,4,304,0.75,0.25,0,1,Global Investors
C1992,Individual,F,USA,Texas,82,Home,Yes,Website,3,3,1266058.76,422019.58666666667,471352.97,1445.08,3,242,0.3333333333333333,0.6666666666666666,0,1,Global Investors
C1993,Individual,M,USA,New York,40,Home,No,Website,2,3,1385369.38,461789.7933333333,549422.32,1454.4099999999999,3,122,0.6666666666666666,0.3333333333333333,2,1,Luxury Investors
C1994,Individual,F,USA,Oregon,31,Investment,Yes,Website,3,3,1257875.21,419291.73666666663,498128.56,1454.4099999999999,3,273,1.0,0.0,2,2,Luxury Investors
C1995,Individual,F,USA,California,32,Investment,No,Agency,4,4,1044043.64,261010.91,348872.01,905.7525,4,426,0.75,0.25,0,0,Global Investors
C1996,Individual,F,USA,Nevada,33,Home,Yes,Website,1,4,1151831.48,287957.87,568415.25,1027.325,4,305,1.0,0.0,1,2,First-Time Buyers
C1997,Individual,M,USA,Arizona,83,Home,Yes,Website,4,4,1101825.4,275456.35,484864.24,910.42,4,365,0.5,0.5,0,1,Global Investors
C1998,Individual,M,USA,Virginia,62,Home,Yes,Website,5,3,1023688.56,341229.52,431674.94,1140.3999999999999,3,608,1.0,0.0,1,2,First-Time Buyers
C1999,Individual,M,USA,Ohio,81,Home,Yes,Client,4,3,838587.38,279529.12666666665,455786.14,919.0466666666666,3,426,1.0,0.0,1,2,First-Time Buyers
C2000,Individual,F,USA,Georgia,29,Home,Yes,Agency,1,3,913528.5,304509.5,364977.97,1033.4833333333333,3,31,1.0,0.0,1,2,First-Time Buyers
